Unnamed: 0,City,Id,Name,Fees,Experience,Contact,Website,AvailDay,Address
0,Hyderabad,0,Cimhans - Cognizance Institute Of Mental Health and Neuro Sciences Pvt Ltd,800.0,0,+(91)-9152660629,http://www.cimhans.com/,Monday Tuesday Wednesday Thursday Friday Saturday X,"Plot No 20, INR Complex, High Tension Line Road, Nizampet, Hyderabad - 500090, Near Kolanu Raghava Reddy Gardens "
1,Hyderabad,1,Dr. Col R Shashikumar,1250.0,24,+(91)-9152150190,http://www.psychiatryawareness.in/,Monday Tuesday Wednesday Thursday Friday Saturday Sunday,"House No 42, Chikoti Gardens Lane, Begumpet, Hyderabad - 500016, Begumpet Main Road "
2,Hyderabad,2,Cimhans-Cognizance Institute Of Mental Health and Neuro Sciences Pvt Ltd,100.0,0,+(91)-9152969741,http://www.cimhans.in/,Monday Tuesday Wednesday Thursday Friday Saturday X,"H No 256 Kiran Nilayam, Aparnahills Roadd, PJR Enclave, Chanda Nagar, Hyderabad - 500050 "
3,Hyderabad,3,New Life Counseling Center,1000.0,0,+(91)-9152244959,http://www.isthydindia.com/,Monday Tuesday Wednesday Thursday Friday Saturday Sunday,"Road No 25, Mp & Mla Colony, Jubilee Hills, Hyderabad - 500033, Dr MCR HRD Traniing Institute Campus "
4,Hyderabad,4,Chetana Hospital,900.0,0,+(91)-9152199825,http://www.chetanahospital.com/,Monday Tuesday Wednesday Thursday Friday Saturday Sunday,"Minister Road, Secunderabad, Hyderabad - 500003, Opposite Royal Enfield Showrrom, Adjacent to Kims "
5,Hyderabad,5,Helium Mind Center,500.0,9,+(91)-9152179174,https://www.justdial.com/Hyderabad/Helium-Mind-Center-Above-Bicha-Reddy-Sweets-Chanda-Nagar/040PXX40-XX40-161024095127-N8G3_BZDET?xid=SHlkZXJhYmFkIFBzeWNob3RoZXJhcHkgRG9jdG9ycw==,Monday Tuesday Wednesday Thursday Friday Saturday Sunday,"Plot No 381, 1st Floor, Shop No 11, Vijaya Raghava Chambers, Chanda Nagar, Hyderabad - 500050, Above Bicha Reddy Sweets "
6,Hyderabad,6,Neuro Arthritis & Joint Pains Clinic,1000.0,0,+(91)-9152332012,https://www.justdial.com/Hyderabad/Neuro-Arthritis-Joint-Pains-Clinic-Near-Kumar-Theatre-Kachiguda/040PXX40-XX40-130717124414-R3P8_BZDET?xid=SHlkZXJhYmFkIFBzeWNob3RoZXJhcHkgRG9jdG9ycw==,Monday Tuesday Wednesday Thursday Friday Saturday Sunday,"Shop No3-2-716, Chappal Bazaar, Kachiguda, Hyderabad - 500027, Near Kumar Theatre "
7,Hyderabad,7,Idea Clinics,3161.0,0,+(91)-40-40024000,http://www.ideaclinics.com/,Monday Tuesday Wednesday Thursday Friday Saturday Sunday,"Flat No 450 & 475, 2nd Floor, K K Plaza, 100 Feet Road, Meridian School Road, Madhapur, Hyderabad - 500081, Beside Abhiruchi Tiffins, Ayyappa Society "
8,Hyderabad,8,Physiokentic,900.0,0,+(91)-7287012223,https://www.justdial.com/Hyderabad/Physiokentic-Near-Area-Hospital-Sri-Ram-Nagar-Kondapur/040PXX40-XX40-180620190204-E7Q3_BZDET?xid=SHlkZXJhYmFkIFBzeWNob3RoZXJhcHkgRG9jdG9ycw==,Monday Tuesday Wednesday Thursday Friday Saturday Sunday,"Plot No 20, Masjid Banda Road, Sri Ram Nagar-Kondapur, Hyderabad - 500084, Near Area Hospital, "
9,Hyderabad,9,Siddharth Physiotheraphy,900.0,0,+(91)-9866213123,https://www.justdial.com/Hyderabad/Siddharth-Physiotheraphy-SBI-BANK-Shivam-Road-Bagh-Amberpet-amberpet/040PXX40-XX40-160702185020-B9Y6_BZDET?xid=SHlkZXJhYmFkIFBzeWNob3RoZXJhcHkgRG9jdG9ycw==,Monday Tuesday Wednesday Thursday Friday Saturday Sunday,"House No 2-2-647/187/6, Street No. 9, Bagh Amberpet-amberpet, Hyderabad - 500013, SBI BANK, Shivam Road"
10,Hyderabad,10,Positive Homeopathy,1751.0,0,+(91)-9152189764,http://www.positivehomeopathy.in/,Monday Tuesday Wednesday Thursday Friday Saturday Sunday,"Door No. 8-2-293/82/A/69/1, RD 1, 252, Road No. 1, Near TV-5 Office, Jubilee Hills, Hyderabad - 500033, Above Naturals, Beside Celebrations Restaurant "
11,Hyderabad,11,Neorise Physiotherapy &Rehabilitation,1000.0,0,+(91)-9152378532,https://www.justdial.com/Hyderabad/Neorise-Physiotherapy-Rehabilitation-Zena-International-School-Backside-Miyapur/040PXX40-XX40-200708162234-Y7A1_BZDET?xid=SHlkZXJhYmFkIFBzeWNob3RoZXJhcHkgRG9jdG9ycw==,Monday Tuesday Wednesday Thursday Friday Saturday Sunday,"Plot 125, Mathrusri Nagar, Miyapur, Hyderabad - 500049, Zena International School Backside "
12,Hyderabad,12,New Life Counselling Centre,1000.0,0,+(91)-9152187940,http://www.isthydindia.com/,Monday Tuesday Wednesday Thursday Friday Saturday Sunday,"Door No 9-3-39, Secunderabad, Hyderabad - 500003, Behind Blue Sea Hotel, Opposite Rethifile Bus Station,Opposite Secunderabad Railway Station, Rezimen "
13,Hyderabad,13,Cimhans- Cognizance Institute Of Mental and Neuro Sciences PVT LTD,500.0,0,+(91)-9989585186,http://www.cimhans.in/,Monday Tuesday Wednesday Thursday Friday Saturday Sunday,"Plot No 20, As Raju Nagar, Nizampet, hyderabad - 500090, Opp Akshara Concept School "
14,Hyderabad,14,Dr. Krishna Physiotherapist,250.0,0,+(91)-9866922088,https://www.justdial.com/Hyderabad/Dr-Krishna-Physiotherapist-Canara-Bank-Lane-Kukatpally/040PXX40-XX40-151221144539-X8M6_BZDET?xid=SHlkZXJhYmFkIFBzeWNob3RoZXJhcHkgRG9jdG9ycw==,Monday Tuesday Wednesday Thursday Friday Saturday Sunday,"HNo 3-5-2 Sumithra Nagar Road No 1, Vivekananda Nagar, Kukatpally, Hyderabad - 500072, Canara Bank Lane "
15,Hyderabad,15,Nims Hospital,1088.0,0,+(91)-040-23489000,http://www.nims.edu.in/,Monday Tuesday Wednesday Thursday Friday Saturday Sunday,Hyderabad
16,Hyderabad,16,Astro Agam,2291.0,0,+(91)-8107911911,http://www.astroagam.com/,Monday Tuesday Wednesday Thursday Friday Saturday Sunday,"Flat No. 1008, Sky B Building, RSG The Universe, Near Girja Vyas Petrol Pump Saveena, Hiran Magri, Udaipur-Rajasthan - 313002 "
17,Hyderabad,17,Psychonnect.Com,1124.0,0,+(91)-9152783789,http://www.psychonnect.com/,Monday Tuesday Wednesday Thursday Friday Saturday Sunday,"AJ-268, Sector 2, Saltlake City, Sech Bhawan, Kolkata - 700091"
18,Hyderabad,18,Columbus Hospitals,3402.0,0,+(91)-40-27761112,http://www.columbushospitals.in/,Monday Tuesday Wednesday Thursday Friday Saturday Sunday,"House No-1-10-63/4/1, Chikoti Gardens, Begumpet, Hyderabad - 500016, Opposite Shoppers Stop Lane,Behind Hdfc Bank "
19,Hyderabad,19,Tulasi Hospitals,3181.0,0,+(91)-040-49336699,http://www.tulasihospitals.com/,Monday Tuesday Wednesday Thursday Friday Saturday Sunday,Hyderabad
20,Hyderabad,20,Employees State Insurance Corporation Hospital,2666.0,0,+(91)-040-23700531,http://www.esic.nic.in/,Monday Tuesday Wednesday Thursday Friday Saturday Sunday,"Main Road, Sanath Nagar, Hyderabad - 500018, Opposite Vijaya Laxmi Temple, Erragadda "
21,Hyderabad,21,Image Hospitals,1528.0,0,+(91)-9052710000,https://www.justdial.com/Hyderabad/Image-Hospitals-Behind-BATA-Opposite-R-S-Brothers-Ameerpet/040PXX40-XX40-101007150039-U1E9_BZDET?xid=SHlkZXJhYmFkIFBzeWNob3RoZXJhcHkgRG9jdG9ycw==,Monday Tuesday Wednesday Thursday Friday Saturday Sunday,"Main Road, Ameerpet, Hyderabad - 500016, Behind BATA, Opposite R S Brothers "
22,Hyderabad,22,Owaisi Hospital & Research Centre,2213.0,0,+(91)-40-24340244,http://www.owaisihospital.com/,Monday Tuesday Wednesday Thursday Friday Saturday Sunday,Hyderabad
23,Hyderabad,23,Aditya Hospitals,0.0,0,+(91)-040-33855555,http://www.adityahospital.com/,Monday Tuesday Wednesday Thursday Friday Saturday Sunday,"Uppal, Hyderabad - 500039, Opposite Bharath Petrol Pump, Survey No 93/2&125, Shanthi Nagar "
24,Hyderabad,24,Apollo Clinic,1072.0,0,+(91)-9701003333,http://www.apolloclinic.com/,Monday Tuesday Wednesday Thursday Friday Saturday Sunday,"Rishab Heights, As Rao Nagar, Hyderabad - 500062, Above Vodafone Store, Beside KFC "
25,KOLKATA,0,Reshmi Sensarma Basu,1000.0,22,+(91)-9152837375,http://sarmabasukolkata.justdial.com/,Monday Tuesday Wednesday Thursday Friday Saturday Sunday,"51, Baroda Avnue, Garia, Kolkata - 700084, Palki Resturent "
26,KOLKATA,1,Dr Pradeep Kumar Saha,1500.0,30,+(91)-9830277607,http://www.pradeepnimhans.com/,Monday Tuesday X X X X X,"C/O Belle Vue Clinic, Wing B, Dr. U N Brahmachari Street ( Loudon Street), Circus Avenue, Kolkata - 700017, Near Minto Park "
27,KOLKATA,2,Dr Arnab Banerjee,1000.0,0,+(91)-9152761018,http://www.psychiapristararnabbanerjee.com/,Monday Tuesday Wednesday Thursday X Saturday X,"7e, Cornfild Road, Garihat, Gariahat, Kolkata - 700019, Behind Junior South Point School "
28,KOLKATA,3,Dr. Anjan Bhattacharya,1050.0,27,+(91)-9152106741,http://www.dranjanbhattacharya.com/,Monday Tuesday Wednesday Thursday Friday Saturday X,"58, Child Development Center, Apollo Gleneagles Hospital, Canal Circular Road, Kankurgachi, Kolkata - 700054, Near Salt Lake Stadium "
29,KOLKATA,4,Dipannita Deb,1000.0,0,+(91)-9152224709,http://www.nirvanaaforyou.in/,Monday Tuesday Wednesday Thursday Friday Saturday X,"Sabujdeep Apartment, Block Y, First Floor, Rabindrapally Kestopur, Rabindra Pally-keshtopur, Kolkata - 700101, Opposite Lane to Neelkamal Super Market "
30,KOLKATA,5,Dr. Sayandip Ghosh,3089.0,0,+(91)-9830275859,https://www.justdial.com/Kolkata/Dr-Sayandip-Ghosh-Near-95-Pally-Club-Jodhpur-Park/033PXX33-XX33-120802165013-D4J2_BZDET?xid=S29sa2F0YSBQc3ljaG90aGVyYXB5IERvY3RvcnM=,Monday Tuesday Wednesday Thursday Friday Saturday Sunday,"Pearless Hospital, Panchasayar, Lifeline Kalyani, Dana, Jodhpur Park, Kolkata - 700068, Near 95 Pally Club "
31,KOLKATA,6,Innova Education And Management Services.,2927.0,0,+(91)-9152300394,http://www.innovaeducation.in/,Monday Tuesday Wednesday Thursday Friday Saturday Sunday,"A25, Amarobati, Sodepur, Kolkata - 700110, Sodepur Railway Station & Amarabati Bus Stop "
32,Chennai,0,Dr Prabhakarans Mind & Soul Care Clinic,1000.0,0,+(91)-9152123529,http://www.mindandsoulcareclinic.com/,Monday Tuesday Wednesday Thursday Friday Saturday Sunday,"New No 35 Old No 17, Loganathan Colony, Mylapore, Chennai - 600004, Near City Centre "
33,Chennai,1,Ganesan S V,1000.0,8,+(91)-9940217463,http://www.gansonholistics.com/,Monday Tuesday Wednesday Thursday Friday Saturday Sunday,"No 1/10A, ECR Road, Thiruvanmiyur, Chennai - 600041, Near RTO Office "
34,Chennai,2,Dr. Radhika Psychiatrist Chennai Minds,1000.0,20,+(91)-9152553749,http://www.chennaiminds.com/,Monday X Wednesday X Friday Saturday X,"No 24 Block S 11 SS Pankajam Enclave, Arunachalam Road, Saligramam, Chennai - 600093, Next to Cake World "
35,Chennai,3,Face And Mind Care,400.0,0,+(91)-9152381083,http://www.faceandmindcare.com/,Monday Tuesday Wednesday Thursday Friday Saturday Sunday,"2 Damodaran Street, Chetpet, chennai - 600031, Opp to Old Rto Office "
36,Chennai,4,AKSHANYA SPECIALITY CLINIC - VELACHERY,600.0,0,+(91)-9152176364,https://www.justdial.com/Chennai/AKSHANYA-SPECIALITY-CLINIC-VELACHERY-Opposite-to-Chennai-Silks-Velacheri/044PXX44-XX44-180308182825-J7C4_BZDET?xid=Q2hlbm5haSBQc3ljaG90aGVyYXB5IERvY3RvcnM=,Monday Tuesday Wednesday Thursday Friday Saturday Sunday,"40, Ramnagar 6th Street, Velacheri, Chennai - 600042, Opposite to Chennai Silks "
37,Chennai,5,Sriram Ortho & Physiotherapy Centre,600.0,0,+(91)-9152176364,https://www.justdial.com/Chennai/Sriram-Ortho-Physiotherapy-Centre-Opp-to-Kamatchi-Amman-Temple-Perungalathur/044PXX44-XX44-150302113245-T5H3_BZDET?xid=Q2hlbm5haSBQc3ljaG90aGVyYXB5IERvY3RvcnM=,Monday Tuesday Wednesday Thursday Friday Saturday X,"No:33, Kamarajar High Road, Perungalathur, chennai - 600063, Opp to Kamatchi Amman Temple "
38,Chennai,6,Madras Medical Centre,750.0,15,+(91)-44-28224060,http://www.madrasmedicalcentre.com/,Monday Tuesday Wednesday Thursday Friday Saturday Sunday,"No 1A, Mangadu Swamy Street, Nungambakkam, Chennai - 600034, Opposite to Perumal Temple "
39,Chennai,7,Hygeia Healthcare,1681.0,0,+(91)-44-47450999,http://hygeiahealthcare.in/,Monday Tuesday Wednesday Thursday Friday Saturday X,"No124, Creations Genesis, Egattur Natham Link Road Inside SIPCOT, Navalur, Chennai - 600130, Near Mohamed Satak Engineering College "
40,Chennai,8,Bharathirajaa Hospital & Research Centre Pvt Ltd,672.0,0,+(91)-9152962848,http://www.brhospitals.com/,Monday Tuesday Wednesday Thursday Friday Saturday Sunday,"No 20, G N Chetty Road, T Nagar, Chennai - 600017, Near Peninsula Hotel & AGS Theatre "
41,Chennai,9,SPARC,500.0,0,+(91)-9152191917,https://www.justdial.com/Chennai/SPARC-Near-Varadaraja-Theatre-Chitlapakkam/044PXX44-XX44-130927231511-E5A9_BZDET?xid=Q2hlbm5haSBQc3ljaG90aGVyYXB5IERvY3RvcnM=,Monday Tuesday Wednesday Thursday Friday Saturday X,"No 13/19, Anna Street, Chitlapakkam, Chennai - 600064, Near Varadaraja Theatre "
42,Chennai,10,JIP Diabetic Multispeciality Hospital,300.0,13,+(91)-44-22641222,http://www.drneochurch.com/,Monday Tuesday Wednesday Thursday Friday Saturday Sunday,"No 81/66, GST Road, Pallavaram, Chennai - 600043, Opp to Olympia Tower "
43,Chennai,11,Maaya Womens Hospital &Fertility Centre,845.0,0,+(91)-44-26511113,http://www.maayawomenshospital.com/,Monday Tuesday Wednesday Thursday Friday Saturday Sunday,"No 5, 6 Pazhaniappan Nagar, 200 Feet Road, Kolathur, Chennai - 600099, Near Senthil Nagar Junction Opp to Nachiyar Restaurant "
44,Chennai,12,Hemamalini Bashyam,100.0,0,+(91)-9152321211,https://www.justdial.com/Chennai/Hemamalini-Bashyam-Near-Mc-Donalds-Anna-Nagar/044P4090009_BZDET?xid=Q2hlbm5haSBQc3ljaG90aGVyYXB5IERvY3RvcnM=,Monday Tuesday Wednesday Thursday Friday Saturday Sunday,"New No 36 Old No W 106, 2nd Avenue, Anna Nagar, Chennai - 600040, Near Mc Donalds "
45,Chennai,13,Sathya Physiotherapy Centre,300.0,0,+(91)-44-28158671,https://www.justdial.com/Chennai/Sathya-Physiotherapy-Centre-Near-Grt-Jewwlery-T-Nagar/044PXX44-XX44-100110073726-I8C7_BZDET?xid=Q2hlbm5haSBQc3ljaG90aGVyYXB5IERvY3RvcnM=,Monday Tuesday Wednesday Thursday Friday Saturday X,"No 5/3, Coats Road, T Nagar, chennai - 600017, Near Grt Jewwlery "
46,Chennai,14,Astro Agam,2898.0,0,+(91)-8107911911,http://www.astroagam.com/,Monday Tuesday Wednesday Thursday Friday Saturday Sunday,"Flat No. 1008, Sky B Building, RSG The Universe, Near Girja Vyas Petrol Pump Saveena, Hiran Magri, Udaipur-Rajasthan - 313002 "
47,Chennai,15,Psychonnect.Com,2987.0,0,+(91)-9152783789,http://www.psychonnect.com/,Monday Tuesday Wednesday Thursday Friday Saturday Sunday,"AJ-268, Sector 2, Saltlake City, Sech Bhawan, Kolkata - 700091"
48,Mumbai,0,Dr. Pavan Sonar,2000.0,11,+(91)-9152376827,http://www.drpavansonar.com/,Monday Tuesday Wednesday Thursday Friday Saturday X,"C/o Bhagat Polyclinic, 2nd Floor, Ganjawala Apartment, Ganjawala Lane, Borivali West, Mumbai - 400092, Near Punjab National Bank "
49,Mumbai,1,Mind Mechanics,3579.0,0,+(91)-9152784428,http://www.mindmechanics.in/,Monday Tuesday Wednesday Thursday Friday Saturday X,"IDBI World Trade Center 1, 7th Floor Office No 3, Cuffe Parade, Cuffe Parade-Colaba, Mumbai - 400005, World Trade Centre "
50,Mumbai,2,Dr.Pirya Desai,1667.0,0,+(91)-9820708319,https://www.justdial.com/Mumbai/Dr-Pirya-Desai-Near-Thacrey-Auditorium-Govind-Nagar-Borivali-West/022PXX22-XX22-140525075429-D8A1_BZDET?xid=TXVtYmFpIFBzeWNob3RoZXJhcHkgRG9jdG9ycw==,Monday Tuesday Wednesday Thursday Friday Saturday Sunday,"Block No 10/2/21, 1st Floor, Mohan Society, Borivali West, Mumbai - 400092, Near Thacrey Auditorium,Govind Nagar "
51,Mumbai,3,Dr. Kirans Mind Center & Polyclinic,1000.0,0,+(91)-9152234768,http://www.drkiranmindcenter.com/,Monday Tuesday Wednesday Thursday Friday Saturday X,"B 102, Giriraj Heights, Vrajbhoomi Complex, Link Road, Kandivali West, Mumbai - 400067, Above Axis Bank "
52,Mumbai,4,Dr. Sagar Mundada,100.0,0,+(91)-9152701762,https://www.justdial.com/Mumbai/Dr-Sagar-Mundada-Next-to-Vodafone-Gallery-Malad-West/022PXX22-XX22-180511155845-H7M8_BZDET?xid=TXVtYmFpIFBzeWNob3RoZXJhcHkgRG9jdG9ycw==,Monday Tuesday Wednesday Thursday Friday Saturday X,"Health Spring, Shop No. 4, Link Road, Malad West, Mumbai - 400064, Next to Vodafone Gallery "
53,Mumbai,5,Paarshad Healthcare,530.0,0,+(91)-9152271387,https://www.justdial.com/Mumbai/Paarshad-Healthcare-Charkop-Near-Dena-Bank-Kandivali-West/022PXX22-XX22-140101082628-M6P4_BZDET?xid=TXVtYmFpIFBzeWNob3RoZXJhcHkgRG9jdG9ycw==,Monday Tuesday Wednesday Thursday Friday Saturday Sunday,"Mansi Chs Ltd, D 5, Plot No 536, Sector 5, Kandivali West, Mumbai - 400067, Charkop, Near Dena Bank "
54,Mumbai,6,Nature Care Resonance Wellness Center,1000.0,0,+(91)-9152959611,http://www.naturecareresonance.com/,Monday Tuesday Wednesday Thursday Friday Saturday X,"B006, Shehnai, Smt Gladys Alvares Road, Lokpuram Society-thane West, Thane - 400610, Opposite Hiranandani Meadows, Behind Axis Bank, Near Lokpura "
55,Mumbai,7,Dr Utkarsh Mankar Psychiatric Consultation & Home Visits,1000.0,0,+(91)-9152959611,https://www.justdial.com/Mumbai/Dr-Utkarsh-Mankar-Psychiatric-Consultation-Home-Visits-Kurla-West/022PXX22-XX22-190916173120-Z2F4_BZDET?xid=TXVtYmFpIFBzeWNob3RoZXJhcHkgRG9jdG9ycw==,Monday Tuesday Wednesday Thursday Friday Saturday Sunday,"Family Health Clinic, Shop No 8, C Block, Suleman Blg 302, Lbs Road, Kurla West, Mumbai - 400070 "
56,Mumbai,8,S K Rehab Centre,2872.0,0,+(91)-9152287797,http://www.kailashmantry.com/,Monday Tuesday Wednesday Thursday Friday Saturday Sunday,"A-1101, Videocon Tower, Thakur Complex, Kandivali East, Mumbai - 400101, Behind Saidham Mandir "
57,Mumbai,9,Dr Amita Motwani's Mind And Body Wellness Clinic,12.0,0,+(91)-9152192025,https://www.justdial.com/Mumbai/Dr-Amita-Motwanis-Mind-And-Body-Wellness-Clinic-Opposite-Joggers-Park-Lokhandwala-Complex-Andheri-West/022PXX22-XX22-200205233540-R5F5_BZDET?xid=TXVtYmFpIFBzeWNob3RoZXJhcHkgRG9jdG9ycw==,Monday Tuesday Wednesday Thursday Friday Saturday Sunday,"Meghdoot, Lokhandwala Creek Road, Lokhandwala Complex-Andheri West, Mumbai - 400053, Opposite Joggers Park "
58,Mumbai,10,Dr. Amitabh Ghosh,2000.0,30,+(91)-9820199503,http://www.psychiatristnearme.in/,Monday X Wednesday X Friday Saturday X,"Vitatsu, B 107 Twin Tower, 2nd Cross Lane, Andheri West, Mumbai - 400053, Lokhandwala Market, Behind Rajput Dairy "
59,Mumbai,11,Unlimited Potentialities,10.0,0,+(91)-22-28651530,http://www.unlimitedpotentialities.in/,Monday Tuesday Wednesday Thursday Friday Saturday X,"603 Aura Biplex Senate, S V Road, Borivali West, Mumbai - 400092, Above Kalyan Jewellers "
60,Mumbai,12,Dr. Rahul Bhatambre,1000.0,0,+(91)-9152235595,http://www.drrahulbhatambre.com/,Monday Tuesday Wednesday Thursday Friday Saturday X,"Mansparsh Clinic Kharghar, Panvel., Kharghar, Navi Mumbai - 410210 "
61,Mumbai,13,Dr. Nishtha Dalwani,21.0,0,+(91)-9152676825,https://www.justdial.com/Mumbai/Dr-Nishtha-Dalwani-Ashok-Van-Dahisar-East/022PXX22-XX22-181204063407-S8T2_BZDET?xid=TXVtYmFpIFBzeWNob3RoZXJhcHkgRG9jdG9ycw==,Monday Tuesday Wednesday Thursday Friday Saturday X,"1, Sadguru Heights, Ashok One Hospital, Ashok Van-Dahisar East, Mumbai - 400068 "
62,Mumbai,14,Shree Kesav Clinic,619.0,0,+(91)-9152467637,https://www.justdial.com/Mumbai/Shree-Kesav-Clinic-Near-Vijaya-Bank-Andheri-West/022PXX22-XX22-200114182930-I7H9_BZDET?xid=TXVtYmFpIFBzeWNob3RoZXJhcHkgRG9jdG9ycw==,Monday Tuesday Wednesday Thursday Friday Saturday Sunday,"Devgan Banglow, House No 2, Svp Nagar Mahada, Andheri West, Mumbai - 400053, Near Vijaya Bank"
63,Mumbai,15,Apex Hospital,3177.0,0,+(91)-9152761554,http://www.apexhospitals.in/,Monday Tuesday Wednesday Thursday Friday Saturday Sunday,"Tulsi Pipe Line Road, Mulund West, Mumbai - 400080, NR Sapna Nagari Road and Model Township Phase II "
64,Mumbai,16,Dr. Ajit Dandekar,100.0,0,+(91)-022-26287788,https://www.justdial.com/Mumbai/Dr-Ajit-Dandekar-Above-Golden-Chariot-Restaurant-Opposite-Shoppers-Stop-Andheri-West/022PXX22-XX22-140809171554-R7A1_BZDET?xid=TXVtYmFpIFBzeWNob3RoZXJhcHkgRG9jdG9ycw==,Monday Tuesday Wednesday Thursday Friday Saturday X,"C-3, First Floor, Viral Appartment, S V Road, Andheri West, Mumbai - 400058, Above Golden Chariot Restaurant, Opposite Shoppers Stop "
65,Mumbai,17,Mantry Psychiatric Hospital & Rehab Centre,1000.0,0,+(91)-8928806207,https://www.justdial.com/Mumbai/Mantry-Psychiatric-Hospital-Rehab-Centre-Near-Sai-Baba-Mandir-Kandivali-East/022PXX22-XX22-181227150527-F4K3_BZDET?xid=TXVtYmFpIFBzeWNob3RoZXJhcHkgRG9jdG9ycw==,Monday Tuesday Wednesday Thursday Friday Saturday Sunday,"209 V Mall, Thakur Complex, Kandivali East, Mumbai - 400101, Near Sai Baba Mandir "
66,Mumbai,18,Bright Minds- Psychological Counselling and Career Guidance Center,3742.0,0,+(91)-9967343046,https://www.justdial.com/Mumbai/Bright-Minds-Psychological-Counselling-and-Career-Guidance-Center-Near-Saraswati-Marathi-School-and-Malhar-Talkies-Thane-West/022PXX22-XX22-170704135516-U2F6_BZDET?xid=TXVtYmFpIFBzeWNob3RoZXJhcHkgRG9jdG9ycw==,Monday Tuesday Wednesday Thursday Friday Saturday Sunday,"Shop No 20, Ground Floor, Saphlya, Gawand Path, Bhaskar Colony, Naupada Road, Thane West, Thane - 400602, Near Saraswati Marathi School and Malhar Talkies "
67,Bengaluru,0,Life Span,100.0,0,+(91)-9152750788,https://www.justdial.com/Bangalore/Life-Span-Opp-to-Bharat-benz-showroom-Nelamangala/080PXX80-XX80-200124131819-T5G4_BZDET?xid=QmFuZ2Fsb3JlIFBzeWNob3RoZXJhcHkgRG9jdG9ycw==,Monday Tuesday Wednesday Thursday Friday Saturday Sunday,"No.69/1, Budihal village, Nelamangala, Bangalore - 562123, Opp to Bharat benz showroom"
68,Bengaluru,1,Mind And Brain Hospital,750.0,0,+(91)-9152350924,http://www.mindandbrain.co.in/,Monday Tuesday Wednesday Thursday Friday Saturday Sunday,"No 150/24, Kodigehalli Main Road, Sahakara Nagar, Bangalore - 560092, Near Trio World School,Next to Sri Sai Krupa Hospital "
69,Bengaluru,2,Cosmic Healing Center,500.0,20,+(91)-9945208527,http://www.cosmichealingcentere.in/,Monday Tuesday Wednesday Thursday Friday Saturday Sunday,"No.45, 1st Cross, 5th Main, Manjunath Layout, Rt Nagar, Bangalore - 560032, Near Mamtha High School "
70,Bengaluru,3,Medall Clumax Diagnostics,700.0,0,+(91)-9152365229,http://www.medall.in/,Monday Tuesday Wednesday Thursday Friday Saturday Sunday,"M S Signature House, Hormavu Main Road, 1st Cross, P and T Layout, Horamavu, Bangalore - 560043, Opposite HDFC BANK "
71,Bengaluru,4,Prolife Multispeciality Hospital,1755.0,0,+(91)-9152382013,http://www.prolifehospital.com/,Monday Tuesday Wednesday Thursday Friday Saturday Sunday,"#248/249/289/101, B B Road, International Airport Road, Byataranyanapura, Bangalore - 560092, Near Byatarayanapura Signal, Opposite to Kodandarama Temple "
72,Bengaluru,5,Ssnmc Super Specialty Hospital,1449.0,0,+(91)-9152388362,http://www.ssnmc.com/,Monday Tuesday Wednesday Thursday Friday Saturday Sunday,"No.8, Ideal Homes, HBCS Layout, Rajarajeshwari Nagar, Bangalore - 560098 "
73,Bengaluru,6,Bangalore Baptist Hospital,48.0,0,+(91)-9152111257,http://www.bbh.org.in/,Monday Tuesday Wednesday Thursday Friday Saturday Sunday,"Bangalore Baptist Hospital, Bellary Road, Hebbal, Bangalore - 560024, Near Canara Bank "
74,Bengaluru,7,Namma Clinics,500.0,0,+(91)-9152827284,http://www.nammaclinics.com/,Monday Tuesday Wednesday Thursday Friday Saturday X,"First Floor, 323, Sahakara Nagar Main Road, Sahakara Nagar, Bangalore - 560092, Opposite to Axis Bank "
75,Bengaluru,8,Astro Agam,1864.0,0,+(91)-8107911911,http://www.astroagam.com/,Monday Tuesday Wednesday Thursday Friday Saturday Sunday,"Flat No. 1008, Sky B Building, RSG The Universe, Near Girja Vyas Petrol Pump Saveena, Hiran Magri, Udaipur-Rajasthan - 313002 "
76,Bengaluru,9,M S Ramaiah Memorial Hospital,1299.0,0,+(91)-080-23608888,http://www.msrmh.com/,Monday Tuesday Wednesday Thursday Friday Saturday Sunday,Bengaluru
77,Bengaluru,10,Vita Plus Clinic,1000.0,0,+(91)-9152423672,http://www.vitaplushealthcare.com/,Monday Tuesday Wednesday Thursday Friday Saturday Sunday,"No. 46 Nayak Layout, Byrappa Circle, Jp Nagar 8th Phase, Bangalore - 560076, Near Axis Bank ATM "
78,Bengaluru,11,Aryan Multi Speciality Hospital,1697.0,0,+(91)-9152322646,http://www.aryanmsh.in/,Monday Tuesday Wednesday Thursday Friday Saturday Sunday,"No.4 and 5, 80 Feet Road, Mariyappana Palya Circle, Jnana Ganga Nagar, Mariappanapalya-gnanabharathi, Bangalore - 560056 "
79,Bengaluru,12,Medentzz Poly Clinic And Diagnostic Lab,430.0,0,+(91)-80-41556155,https://www.justdial.com/Bangalore/Medentzz-Poly-Clinic-And-Diagnostic-Lab-Near-108-b-Bus-Stop-RT-Nagar/080PXX80-XX80-130411160047-V3I7_BZDET?xid=QmFuZ2Fsb3JlIFBzeWNob3RoZXJhcHkgRG9jdG9ycw==,Monday Tuesday Wednesday Thursday Friday Saturday Sunday,"No.400, Ranganatha Complex, Opp HMT Ground, RT Nagar, Bangalore - 560032, Near 108 'b' Bus Stop "
80,Bengaluru,13,Panacea Homeopathic Clinic,1100.0,0,+(91)-080-26601718,http://www.panaceahomoeopathy.co.in/,Monday Tuesday Wednesday Thursday Friday Saturday Sunday,"No 198/7, Shop No 1, 1st Floor, Gandhi Bazar Main Road, Basavanagudi, Bangalore - 560004 "
81,Bengaluru,14,Psychonnect.Com,2669.0,0,+(91)-9152783789,http://www.psychonnect.com/,Monday Tuesday Wednesday Thursday Friday Saturday Sunday,"AJ-268, Sector 2, Saltlake City, Sech Bhawan, Kolkata - 700091"
82,Bengaluru,15,Prakash Psychiatry And Sexology Clinic,250.0,0,+(91)-9620552673,https://www.justdial.com/Bangalore/Prakash-Psychiatry-And-Sexology-Clinic-Opposite-JP-PARK-Swimming-Pool-Gate-Mathikere/080PXX80-XX80-120917100445-S1F6_BZDET?xid=QmFuZ2Fsb3JlIFBzeWNob3RoZXJhcHkgRG9jdG9ycw==,Monday Tuesday Wednesday Thursday Friday Saturday Sunday,"Thanushree Complex, 9th Main, 3rd Block, 16 The Cross, Tank Bund Road, Brindavan Nagar, Mathikere, Bangalore - 560054, Opposite JP PARK Swimming Pool Gate "
83,Bengaluru,16,Apoorva Diagnostic And Healthcare,3856.0,0,+(91)-80-46645555,http://www.vittalsdiagnostics.com/,Monday Tuesday Wednesday Thursday Friday Saturday Sunday,"No 325.1st Floor, CMH Road, Indiranagar, Bangalore - 560038, Near Metro Station "
84,Bengaluru,17,Apollo Clinic,900.0,0,+(91)-080-25214614,http://www.apolloclinic.com/,Monday Tuesday Wednesday Thursday Friday Saturday Sunday,"No.2012, 1st Floor, 100Feet Road, HAL 2nd Stage, Indiranagar, Bangalore - 560038, Above Vision Express & Next to Starbucks "
85,Bengaluru,18,Mallya Hospital,400.0,9,+(91)-080-22277979,http://www.mallyahospital.net/,Monday Tuesday Wednesday Thursday Friday Saturday Sunday,Bengaluru
86,Bengaluru,19,Nimhans Hospital,2709.0,0,+(91)-080-26995400,http://www.nimhans.ac.in/,Monday Tuesday Wednesday Thursday Friday Saturday Sunday,Bengaluru
87,Bengaluru,20,Vijayanagar Hospital,1200.0,0,+(91)-80-23358111,http://www.gleneaglesglobalhospitals.com/hyderabad-events/global-hospitals-lbnagar-hyderabad-undertakes-heart-a-thon,Monday Tuesday Wednesday Thursday Friday Saturday Sunday,"No. 46, 17th Cross, M C Road, Vijayanagar, Bangalore - 560040, Near Vijaynagar Main Bus Stand "
88,Bengaluru,21,Sapthagiri Hospital,699.0,0,+(91)-80-28393392,http://www.sapthagirihospital.com/,Monday Tuesday Wednesday Thursday Friday Saturday Sunday,Bengaluru
89,Bengaluru,22,Sri Dharmasthala Manjunatheshwara Ayurveda Hospital,3089.0,0,+(91)-9741897124,http://www.sdmayurbangalore.in/,Monday Tuesday Wednesday Thursday Friday Saturday Sunday,"Bangalore Mysore Highway, Anchepalya, Bangalore - 560073, Opposite Srinidhi Hotel "
90,Pune,0,Dr. Himani Chaphekar,600.0,15,+(91)-9152289971,https://www.justdial.com/Pune/Dr-Himani-Chaphekar-Lane-No-6-Opposite-Laxman-Hotel-Deccan-Gymkhana/020PG004782_BZDET?xid=UHVuZSBQc3ljaG90aGVyYXB5IERvY3RvcnM=,Monday Tuesday Wednesday Thursday Friday Saturday X,"Sneh Prabhat Apartment, Prabhat Road, Deccan Gymkhana, Pune - 411004, Lane No 6 Opposite Laxman Hotel "
91,Pune,1,Dr. Bharat Sarode,599.0,33,+(91)-9152276837,http://www.geetai.org/,Monday Tuesday Wednesday Thursday Friday Saturday X,"Uttam Market First Floor, Old Bombay Pune Highway, Chinchwad Railway Station, Pune - 411019, Near Mayur Hotel "
92,Pune,2,Bhoir Hospital And Piles Laser Center,1579.0,0,+(91)-9152928848,http://www.pileslasercenter.com/,Monday Tuesday Wednesday Thursday Friday Saturday Sunday,"Survey No 19/3 bhoir palace, Thergaon, Pune - 411033, Dange Chowk,near state bank "
93,Pune,3,Ruby Hall Clinic,1394.0,0,+(91)-9152109928,https://www.justdial.com/Pune/Ruby-Hall-Clinic-Sasoon-Road/020PXX20-XX20-141011122722-H4I6_BZDET?xid=UHVuZSBQc3ljaG90aGVyYXB5IERvY3RvcnM=,Monday Tuesday Wednesday Thursday Friday Saturday Sunday,"40 Sassoon Road, Sasoon Road, Pune - 411001 "
94,Pune,4,Navjeevan Mental And Deaddiction Rehabilitation Center,2359.0,0,+(91)-9152308543,https://www.justdial.com/Pune/Navjeevan-Mental-And-Deaddiction-Rehabilitation-Center-Opposite-Shri-Chhatrapati-Auto-Koregaon-Bhima/020PXX20-XX20-200213190711-T5X9_BZDET?xid=UHVuZSBQc3ljaG90aGVyYXB5IERvY3RvcnM=,Monday Tuesday Wednesday Thursday Friday Saturday Sunday,"Wadagaon Phata, Pune Nagar Road, Koregaon Bhima, pune - 412216, Opposite Shri Chhatrapati Auto "
95,Pune,5,Dr. Rahul Ratan Bagale,700.0,7,+(91)-9152104331,http://www.joyclinicpune.com/,Monday Tuesday Wednesday Thursday Friday Saturday X,"Columbia Asia Hospital, Apollo Clinic, Kharadi, Viman Nagar, Kharadi, Pune - 411014, Vadgaon Sheri "
96,Pune,6,Shree Physiotherapy Clinic For Mobility Pune,500.0,0,+(91)-9152631708,https://www.justdial.com/Pune/Shree-Physiotherapy-Clinic-For-Mobility-Pune-Opposite-Laxmibai-Rajaram-Shinde-High-School-Sahakar-Nagar-Parvati-Darshan/020PXX20-XX20-170418152221-P8I4_BZDET?xid=UHVuZSBQc3ljaG90aGVyYXB5IERvY3RvcnM=,Monday Tuesday Wednesday Thursday Friday Saturday X,"Vasant Vihar, Padmavati Sahakar Nagar Parvati Road, Sahakar Nagar-Parvati Darshan, Pune - 411009, Opposite Laxmibai Rajaram Shinde High School "
97,Pune,7,Dr. Rode Homeopathy,500.0,0,+(91)-20-24443840,http://www.drrodehomeopathy.com/,Monday X X Thursday X X X,"1st Floor, Amit Corner, Above HDFC ATM, Shahu Chowk, Shivaji Road, Shukrawar Peth, Pune - 411002, Next to Phadgate Police Chowky, "
98,Pune,8,Dr Datta Chaskar Ayurwedik And Alopethic Hospital,3607.0,0,+(91)-9152342624,https://www.justdial.com/Pune/Dr-Datta-Chaskar-Ayurwedik-And-Alopethic-Hospital-Near-S-T-Stand-Near-Indrayani-Hotel-Manchar/020PXX20-XX20-180104191151-B8G2_BZDET?xid=UHVuZSBQc3ljaG90aGVyYXB5IERvY3RvcnM=,Monday Tuesday Wednesday Thursday Friday Saturday Sunday,"Malwadi, Manchar, Pune - 410503, Near S T Stand , Near Indrayani Hotel "
99,Pune,9,Jeevan Clinic,250.0,0,+(91)-9152447559,https://www.justdial.com/Pune/Jeevan-Clinic-JAY-Bhavani-Chowk-Rahatani/020PXX20-XX20-120809091808-N5X6_BZDET?xid=UHVuZSBQc3ljaG90aGVyYXB5IERvY3RvcnM=,Monday Tuesday Wednesday Thursday Friday Saturday Sunday,"Survey No 1/11, Rahatani Link Road, Rahatani, Pune - 411017, JAY Bhavani Chowk "
100,Pune,10,Avni Clinic,400.0,26,+(91)-9152423776,https://www.justdial.com/Pune/Avni-Clinic-Near-Lulla-Nagar-Junction-Kubera-Park-Wanowrie/020PXX20-XX20-140920130957-P7Y9_BZDET?xid=UHVuZSBQc3ljaG90aGVyYXB5IERvY3RvcnM=,Monday Tuesday Wednesday Thursday Friday X X,Pune
101,Pune,11,JeevanJyoti Hospital,2695.0,0,+(91)-9152423285,http://www.jeevanjyotihealthcare.com/,Monday Tuesday Wednesday Thursday Friday Saturday Sunday,"Maske Complex, Rahatani, pune - 411017, Kalewadi Fata Opposite Shivratna Hotel "
102,Pune,12,Dr. Shindes Advance Homeopathic Clinic,1000.0,0,+(91)-9152461117,https://www.justdial.com/Pune/Dr-Shindes-Advance-Homeopathic-Clinic-ABC-Juction-Near-Akurdi-Railway-Station-Nigdi-Pradhikaran/020PXX20-XX20-140620135316-T9C5_BZDET?xid=UHVuZSBQc3ljaG90aGVyYXB5IERvY3RvcnM=,Monday Tuesday Wednesday Thursday Friday Saturday Sunday,"Shop No 4 Sector No 26, Dr Ambedkar Marg, Nigdi Pradhikaran, Pune - 411044, ABC Juction Near Akurdi Railway Station "
103,Pune,13,Physio Zone,100.0,0,+(91)-9765585552,http://www.physiozonepune.com/,Monday Tuesday Wednesday Thursday Friday Saturday X,"Sai Ambience 4th Floor, Kunal Icon Road, Pimple Saudagar, Pune - 411027, Above Kimling Rush "
104,Pune,14,Spandan Clinic,200.0,16,+(91)-9822842913,https://www.justdial.com/Pune/Spandan-Clinic-Near-Paranjape-School-Kothrud/020P5088274_BZDET?xid=UHVuZSBQc3ljaG90aGVyYXB5IERvY3RvcnM=,Monday Tuesday Wednesday Thursday Friday Saturday X,"Shop No 16 Shivtara Garden Gananjay Society, New Dp Road, Kothrud, Pune - 411038, Near Paranjape School "
105,Pune,15,Shree Samarth Hospital,500.0,15,+(91)-20-26128345,https://www.justdial.com/Pune/Shree-Samarth-Hospital-Karande-Chowk-Rasta-Peth/020PXX20-XX20-160108115047-T1L7_BZDET?xid=UHVuZSBQc3ljaG90aGVyYXB5IERvY3RvcnM=,Monday Tuesday Wednesday Thursday Friday Saturday Sunday,"227 Omkar Apartment, Rasta Peth, Pune - 411011, Karande Chowk "
106,Pune,16,Satyanand Hospital,674.0,0,+(91)-9152240806,http://www.satyanandhospital.com/,Monday Tuesday Wednesday Thursday Friday Saturday Sunday,"Survey No 50/7, Kondhwa Khurd, Pune - 411048, Opposite Konark E Square "
107,Pune,17,Psychwellness Clinic,600.0,0,+(91)-9152952566,http://www.psychwellnessclinic.com/,Monday Tuesday Wednesday Thursday Friday Saturday X,"B 202, Vastu Nirvana, Baner-Pashan Link Road, Baner, Pune - 411045, Above Iris Clinic "
108,Pune,18,On Call Doctor At Your Home,1258.0,0,+(91)-8359064166,https://www.justdial.com/Pune/On-Call-Doctor-At-Your-Home-Pune-Wakad/020PXX20-XX20-180906232532-P6T9_BZDET?xid=UHVuZSBQc3ljaG90aGVyYXB5IERvY3RvcnM=,Monday Tuesday Wednesday Thursday Friday Saturday Sunday,"Sonigara Keshar Society, Chhtrapati Chowk, Wakad, Pune - 411057, Pune "
109,Pune,19,Dev Clinic,1030.0,0,+(91)-9152407425,https://www.justdial.com/Pune/Dev-Clinic-Next-To-Poona-Cable-Ajmera-School-Road-Pimpri/020PXX20-XX20-141020125413-N1U5_BZDET?xid=UHVuZSBQc3ljaG90aGVyYXB5IERvY3RvcnM=,Monday Tuesday Wednesday Thursday Friday Saturday Sunday,"Bungalow No A/5 Pcmc Housing Society Ajmera Complex, Pimpri, Pune - 411018, Next To Poona Cable, Ajmera School Road "
110,Pune,20,Universal Hospital,2612.0,0,+(91)-20-24578899,http://www.u-h.in/,Monday Tuesday Wednesday Thursday Friday Saturday Sunday,"1420, Kasba Peth, Pune - 411011, Near Shaniwar Wada "
111,Ranchi,0,Dr Dharmendar Rajak,530.0,0,+(91)-7004642970,http://dynamicsonhe.wixsite.com/,Monday Tuesday Wednesday Thursday Friday Saturday Sunday,"Kanke Road, Kanke, Ranchi - 834006"
112,Ranchi,1,Dr. Pawan Kr Barnwal,16.0,0,+(91)-9152790671,https://www.justdial.com/Ranchi/Dr-Pawan-Kr-Barnwal-Opposite-First-Mark-School-Near-Firing-Range-Bariatu/0651PX651-X651-130112190109-Z9U6_BZDET?xid=UmFuY2hpIFBzeWNob3RoZXJhcHkgRG9jdG9ycw==,Monday Tuesday Wednesday Thursday Friday Saturday X,"Bariatu Road, Bariatu, Ranchi - 834009, Opposite First Mark School, Near Firing Range "
113,Ranchi,2,Dr. Keshav Jee Mind and Brain Clinic,500.0,15,+(91)-9939009705,https://www.justdial.com/Ranchi/Dr-Keshav-Jee-Mind-and-Brain-Clinic-RIMS-GATE-Opposite-Durga-Mandir-Bariatu/0651PX651-X651-181227173106-S1E7_BZDET?xid=UmFuY2hpIFBzeWNob3RoZXJhcHkgRG9jdG9ycw==,Monday Tuesday Wednesday Thursday Friday Saturday Sunday,"Bariatu, Ranchi - 834009, RIMS GATE, Opposite Durga Mandir "
114,Ranchi,3,Nerve and Mind Centre For Neuromodulation,500.0,9,+(91)-9152527432,http://www.nerveandmind.in/,Monday Tuesday Wednesday Thursday Friday Saturday X,"1st Floor, AC Market, Main Road, Ranchi - 834001, Near Church Complex "
115,Ranchi,4,Dr. Lals Hospital & Research Centre,1093.0,0,+(91)-9031930497,http://www.samitlalent.com/,Monday Tuesday Wednesday Thursday Friday Saturday Sunday,"Main Lane, Kadru, Ranchi - 834002, Near Kadru Over Bridge "
116,Ranchi,5,Psychonnect.Com,2891.0,0,+(91)-9152783789,http://www.psychonnect.com/,Monday Tuesday Wednesday Thursday Friday Saturday Sunday,"AJ-268, Sector 2, Saltlake City, Sech Bhawan, Kolkata - 700091"
117,Ranchi,6,Astro Agam,1752.0,0,+(91)-8107911911,http://www.astroagam.com/,Monday Tuesday Wednesday Thursday Friday Saturday Sunday,"Flat No. 1008, Sky B Building, RSG The Universe, Near Girja Vyas Petrol Pump Saveena, Hiran Magri, Udaipur-Rajasthan - 313002 "
118,Ranchi,7,Cognitive Therapy Clinic Ranchi,1200.0,0,+(91)-9386816675,http://www.cognitivetherapyranchi.com/,Monday Tuesday Wednesday Thursday Friday Saturday Sunday,"Sahay Tower, Kutchery Chowk, Kutchery Road, Ranchi - 834001 "
119,Ranchi,8,Clinical Psychologist,3182.0,0,+(91)-9113314960,https://www.justdial.com/Ranchi/Clinical-Psychologist-Near-Joda-Pool-Kanke-Road-Kanke-Road/0651PX651-X651-200302145112-L3R9_BZDET?xid=UmFuY2hpIFBzeWNob3RoZXJhcHkgRG9jdG9ycw==,Monday Tuesday Wednesday Thursday Friday Saturday Sunday,"Nagashish Clinic, Kanke Road, Kanke Road, Ranchi - 834001, Near Joda Pool Kanke Road"
120,Ranchi,9,Dr. Milin Borde,530.0,0,+(91)-651-2450549,https://www.justdial.com/Ranchi/Dr-Milin-Borde-Kanke/0651P651STD37102_BZDET?xid=UmFuY2hpIFBzeWNob3RoZXJhcHkgRG9jdG9ycw==,Monday Tuesday Wednesday Thursday Friday Saturday Sunday,"Kanke Road, Kanke, Ranchi - 834006"
121,Ranchi,10,Dr Omi Singh,300.0,0,+(91)-7992436121,https://www.justdial.com/Ranchi/Dr-Omi-Singh-Election-Commission-Office/0651PX651-X651-190329133820-K3I4_BZDET?xid=UmFuY2hpIFBzeWNob3RoZXJhcHkgRG9jdG9ycw==,Monday Tuesday Wednesday Thursday Friday Saturday X,"Club House, Sail City, Site IV, Ranchi - 834002, Election Commission Office"
122,Delhi,0,Elite Physiotherapy Clinic & Fitness Centre,400.0,17,+(91)-9152696151,http://www.elitephysiotherapyclinic.com/,Monday X Wednesday Thursday Friday Saturday Sunday,"Plot No-12, Sector-2, Faridabad Sector 2, faridabad - 121004, Near Community Centre "
123,Delhi,1,West Delhi Psychiatry Centre,1500.0,30,+(91)-9152451684,https://www.justdial.com/Delhi/West-Delhi-Psychiatry-Centre-Near-Fatah-Nagar-Gurudwara-Janakpuri/011PXX11-XX11-130726132812-B1S9_BZDET?xid=RGVsaGkgUHN5Y2hvdGhlcmFweSBEb2N0b3Jz,Monday Tuesday Wednesday Thursday Friday Saturday X,"BA/8 A, Janakpuri, Delhi - 110058, Near Fatah Nagar Gurudwara "
124,Delhi,2,Dr Pramod Kumar,500.0,0,+(91)-9152266167,http://www.ayucorps.com/,Monday Tuesday Wednesday Thursday Friday Saturday X,"118, Poddar Clinic, Kala Patthar Road, Gyan Khand 4-Indirapuram, Ghaziabad - 201014, Mangal Chowk "
125,Delhi,3,Vishwas Healing Centre,1500.0,14,+(91)-9152951161,http://www.vishwashealingcentre.com/,Monday Tuesday Wednesday Thursday Friday Saturday Sunday,"J- 1923, 3rd Floor, Market 1 C R Park, C R Park, Delhi - 110019, Opposite Ariston Hospital "
126,Delhi,4,OPAL care multispeciality clinic and digital x-ray center,568.0,0,+(91)-9152164379,https://www.justdial.com/Delhi/OPAL-care-multispeciality-clinic-and-digital-x-ray-center/011PXX11-XX11-190815015659-R2P8_BZDET?xid=RGVsaGkgUHN5Y2hvdGhlcmFweSBEb2N0b3Jz,Monday Tuesday Wednesday Thursday Friday Saturday Sunday,"Mahagun Mart, Shop Number 24, Lower Ground Floor, Noida Phase2, Gaur City 2, Greater Noida W Road, Ghaziabad - 201009 "
127,Delhi,5,Miss Khyati Sharma,922.0,0,+(91)-9152272390,https://www.justdial.com/Delhi/Miss-Khyati-Sharma-Greater-Kailash-1/011PXX11-XX11-191203180722-U3N2_BZDET?xid=RGVsaGkgUHN5Y2hvdGhlcmFweSBEb2N0b3Jz,Monday Tuesday Wednesday Thursday Friday Saturday X,"S-438, Basement, Near M Block Market, Mandir Lane, Greater Kailash 1, Delhi - 110048"
128,Delhi,6,Dr. Harshit Garg (M.D. AIIIMS),1500.0,4,+(91)-11-79621399,http://dr-harshit-garg.business.site/,Monday Tuesday Wednesday Thursday Friday Saturday Sunday,"191-B, Ground Floor, Garud Apartments, Pocket 4, Mayur Vihar Phase 1 Extension, Delhi - 110091, Mayur Vihar Phase 1 Metro Station Gate No.3 "
129,Delhi,7,Guru Sewak Health Cure Centre,400.0,0,+(91)-9152449140,https://www.justdial.com/Delhi/Guru-Sewak-Health-Cure-Centre-Near-Adarsh-Nagar-Metro-Station-and-Opposite-Metro-Pillar-Number-95-Adarsh-Nagar/011PXX11-XX11-100323151945-M6Z6_BZDET?xid=RGVsaGkgUHN5Y2hvdGhlcmFweSBEb2N0b3Jz,Monday Tuesday Wednesday Thursday Friday Saturday Sunday,"237, Sarai Pipal Thalla, Punjabi Gali, Adarsh Nagar, Delhi - 110033, Near Adarsh Nagar Metro Station and Opposite Metro Pillar Number 95 "
130,Delhi,8,Sonia Hospital,1200.0,20,+(91)-9152480846,http://www.cygnushospitals.com/,Monday Tuesday Wednesday Thursday Friday Saturday Sunday,"1 Gulshan Park, Rohtak Road, Nangloi, Delhi - 110041, Near Lokesh Cinema,Near Metro Pillar No 439 "
131,Delhi,9,Chabra Psychiatry Centre,600.0,0,+(91)-9891055258,https://www.justdial.com/Delhi/Chabra-Psychiatry-Centre-Opposite-Balaji-Mandir-Prashant-Vihar/011PXX11-XX11-130912104511-G8L6_BZDET?xid=RGVsaGkgUHN5Y2hvdGhlcmFweSBEb2N0b3Jz,Monday Tuesday Wednesday Thursday Friday Saturday X,"107-108, First Floor, Rg-1 Complex, Sector-14 Rohini, Prashant Vihar, Prashant Vihar, Delhi - 110085, Opposite Balaji Mandir "
132,Delhi,10,Sukoon,930.0,0,+(91)-9152295608,https://www.justdial.com/Delhi/Sukoon-Near-By-Hotel-IBIS-Exotica-Sector-53-Gurgaon/011P1235567408T9V4C8_BZDET?xid=RGVsaGkgUHN5Y2hvdGhlcmFweSBEb2N0b3Jz,Monday Tuesday Wednesday Thursday Friday Saturday X,"D 3, 601, Gurgaon, Gurgaon - 122001, Near By Hotel IBIS, Exotica, Sector 53 "
133,Delhi,11,Mukul Arora Psychologist Clinic,1200.0,20,+(91)-9152480846,http://www.www.psychologistmukul.wordpress.com/,Monday Tuesday Wednesday Thursday Friday Saturday Sunday,"21, Ground Floor, Rajendra Park, Rajender Nagar, Delhi - 110060 "
134,Delhi,12,The Happy Tree,2508.0,0,+(91)-11-49878296,https://www.justdial.com/Delhi/The-Happy-Tree-Near-Yamuna-Sports-Complex-Gate-No-1-Ram-Vihar/011PXX11-XX11-170226183552-Q3U4_BZDET?xid=RGVsaGkgUHN5Y2hvdGhlcmFweSBEb2N0b3Jz,Monday Tuesday Wednesday Thursday Friday Saturday Sunday,"113 Ram Vihar, Anand Vihar, Anand Vihar, Ram Vihar, Delhi - 110092, Near Yamuna Sports Complex Gate No 1 "
135,Delhi,13,Sarvam Neuropsychiatric Hospital,1000.0,0,+(91)-9152225822,http://www.sarvamhealth.com/,Monday Tuesday Wednesday Thursday Friday Saturday Sunday,"B-1, West Jyoti Nagar, Shahdara, Delhi - 110032, Near Main Loni Road "
136,Delhi,14,Healing Hands,930.0,0,+(91)-9152467754,http://www.healinghandsindia.org/,Monday Tuesday Wednesday Thursday Friday Saturday Sunday,"5/2, Kalkaji Extension, Delhi - 110019, Near Greater Kailash "
137,Delhi,15,Dr. Bindu Kapoor,1000.0,0,+(91)-9152225822,https://www.justdial.com/Delhi/Dr-Bindu-Kapoor-Near-Radisson-Hotel-Meera-Bagh/011PXX11-XX11-190924133503-R1M3_BZDET?xid=RGVsaGkgUHN5Y2hvdGhlcmFweSBEb2N0b3Jz,Monday Tuesday Wednesday Thursday Friday Saturday Sunday,"A-156, First Floor, Meera Bagh, Paschim Vihar, Meera Bagh, Meera Bagh, Delhi - 110087, Near Radisson Hotel "
138,Delhi,16,Dr Deepika Verma MBBS MD,1100.0,0,+(91)-9152132257,https://www.justdial.com/Delhi/Dr-Deepika-Verma-MBBS-MD-Anand-Vihar/011PXX11-XX11-180611142457-Y4K4_BZDET?xid=RGVsaGkgUHN5Y2hvdGhlcmFweSBEb2N0b3Jz,Monday Tuesday Wednesday Thursday Friday Saturday X,"Neelkanth Chambers- 1, Plot No 5, Saini Enclave, Anand Vihar, Delhi - 110092 "
