,City,Id,Name,Fees,Experience,Contact,Website,AvailDay,Address
0,Hyderabad,0,Cimhans - Cognizance Institute Of Mental Health and Neuro Sciences Pvt Ltd,800,0,-9152660538,http://www.cimhans.com/,Monday Tuesday Wednesday Thursday Friday Saturday Sunday,"Plot No 20, INR Complex, High Tension Line Road, Nizampet, Hyderabad - 500090, Near Kolanu Raghava Reddy Gardens "
1,Hyderabad,1,Dr. Col R Shashikumar,1250,24,-9152150099,http://www.psychiatryawareness.in/,Monday Tuesday Wednesday Thursday Friday Saturday Sunday,"House No 42, Chikoti Gardens Lane, Begumpet, Hyderabad - 500016, Begumpet Main Road "
2,Hyderabad,2,Cimhans-Cognizance Institute Of Mental Health and Neuro Sciences Pvt Ltd,100,0,-9152969650,http://www.cimhans.in/,Monday Tuesday Wednesday Thursday Friday Saturday Sunday,"H No 256 Kiran Nilayam, Aparnahills Roadd, PJR Enclave, Chanda Nagar, Hyderabad - 500050 "
3,Hyderabad,3,New Life Counseling Center,1000,0,-9152244868,http://www.isthydindia.com/,Monday Tuesday Wednesday Thursday Friday Saturday Sunday,"Road No 25, Mp & Mla Colony, Jubilee Hills, Hyderabad - 500033, Dr MCR HRD Traniing Institute Campus "
4,Hyderabad,4,Chetana Hospital,900,0,-9152199734,http://www.chetanahospital.com/,Monday Tuesday Wednesday Thursday Friday Saturday Sunday,"Minister Road, Secunderabad, Hyderabad - 500003, Opposite Royal Enfield Showrrom, Adjacent to Kims "
5,Hyderabad,6,Helium Mind Center,500,9,-9152179083,https://www.justdial.com/Hyderabad/Helium-Mind-Center-Above-Bicha-Reddy-Sweets-Chanda-Nagar/040PXX40-XX40-161024095127-N8G3_BZDET?xid=SHlkZXJhYmFkIFBzeWNob3RoZXJhcHkgRG9jdG9ycw==,Monday Tuesday Wednesday Thursday Friday Saturday Sunday,"Plot No 381, 1st Floor, Shop No 11, Vijaya Raghava Chambers, Chanda Nagar, Hyderabad - 500050, Above Bicha Reddy Sweets "
6,Hyderabad,7,Neuro Arthritis & Joint Pains Clinic,1000,0,-9152331921,https://www.justdial.com/Hyderabad/Neuro-Arthritis-Joint-Pains-Clinic-Near-Kumar-Theatre-Kachiguda/040PXX40-XX40-130717124414-R3P8_BZDET?xid=SHlkZXJhYmFkIFBzeWNob3RoZXJhcHkgRG9jdG9ycw==,Monday Tuesday Wednesday Thursday Friday Saturday Sunday,"Shop No3-2-716, Chappal Bazaar, Kachiguda, Hyderabad - 500027, Near Kumar Theatre "
7,Hyderabad,8,Idea Clinics,,0,-40023949,http://www.ideaclinics.com/,Monday Tuesday Wednesday Thursday Friday Saturday Sunday,"Flat No 450 & 475, 2nd Floor, K K Plaza, 100 Feet Road, Meridian School Road, Madhapur, Hyderabad - 500081, Beside Abhiruchi Tiffins, Ayyappa Society "
8,Hyderabad,18,Physiokentic,900,0,-7287012132,https://www.justdial.com/Hyderabad/Physiokentic-Near-Area-Hospital-Sri-Ram-Nagar-Kondapur/040PXX40-XX40-180620190204-E7Q3_BZDET?xid=SHlkZXJhYmFkIFBzeWNob3RoZXJhcHkgRG9jdG9ycw==,Monday Tuesday Wednesday Thursday Friday Saturday Sunday,"Plot No 20, Masjid Banda Road, Sri Ram Nagar-Kondapur, Hyderabad - 500084, Near Area Hospital, "
9,Hyderabad,19,Siddharth Physiotheraphy,900,0,-9866213032,https://www.justdial.com/Hyderabad/Siddharth-Physiotheraphy-SBI-BANK-Shivam-Road-Bagh-Amberpet-amberpet/040PXX40-XX40-160702185020-B9Y6_BZDET?xid=SHlkZXJhYmFkIFBzeWNob3RoZXJhcHkgRG9jdG9ycw==,Monday Tuesday Wednesday Thursday Friday Saturday Sunday,"House No 2-2-647/187/6, Street No. 9, Bagh Amberpet-amberpet, Hyderabad - 500013, SBI BANK, Shivam Road"
10,Hyderabad,12,Positive Homeopathy,,0,-9152189673,http://www.positivehomeopathy.in/,Monday Tuesday Wednesday Thursday Friday Saturday Sunday,"Door No. 8-2-293/82/A/69/1, RD 1, 252, Road No. 1, Near TV-5 Office, Jubilee Hills, Hyderabad - 500033, Above Naturals, Beside Celebrations Restaurant "
11,Hyderabad,13,Neorise Physiotherapy &Rehabilitation,1000,0,-9152378441,https://www.justdial.com/Hyderabad/Neorise-Physiotherapy-Rehabilitation-Zena-International-School-Backside-Miyapur/040PXX40-XX40-200708162234-Y7A1_BZDET?xid=SHlkZXJhYmFkIFBzeWNob3RoZXJhcHkgRG9jdG9ycw==,Monday Tuesday Wednesday Thursday Friday Saturday Sunday,"Plot 125, Mathrusri Nagar, Miyapur, Hyderabad - 500049, Zena International School Backside "
12,Hyderabad,11,New Life Counselling Centre,1000,0,-9152187849,http://www.isthydindia.com/,Monday Tuesday Wednesday Thursday Friday Saturday Sunday,"Door No 9-3-39, Secunderabad, Hyderabad - 500003, Behind Blue Sea Hotel, Opposite Rethifile Bus Station,Opposite Secunderabad Railway Station, Rezimen "
13,Hyderabad,16,Cimhans- Cognizance Institute Of Mental and Neuro Sciences PVT LTD,500,0,-9989585095,http://www.cimhans.in/,Monday Tuesday Wednesday Thursday Friday Saturday Sunday,"Plot No 20, As Raju Nagar, Nizampet, hyderabad - 500090, Opp Akshara Concept School "
14,Hyderabad,17,Dr. Krishna Physiotherapist,250,0,-9866921997,https://www.justdial.com/Hyderabad/Dr-Krishna-Physiotherapist-Canara-Bank-Lane-Kukatpally/040PXX40-XX40-151221144539-X8M6_BZDET?xid=SHlkZXJhYmFkIFBzeWNob3RoZXJhcHkgRG9jdG9ycw==,Monday Tuesday Wednesday Thursday Friday Saturday Sunday,"HNo 3-5-2 Sumithra Nagar Road No 1, Vivekananda Nagar, Kukatpally, Hyderabad - 500072, Canara Bank Lane "
15,Hyderabad,23,Nims Hospital,,0,-23488949,http://www.nims.edu.in/,Monday Tuesday Wednesday Thursday Friday Saturday Sunday,
16,Hyderabad,22,Astro Agam,,0,-8107911820,http://www.astroagam.com/,Monday Tuesday Wednesday Thursday Friday Saturday Sunday,"Flat No. 1008, Sky B Building, RSG The Universe, Near Girja Vyas Petrol Pump Saveena, Hiran Magri, Udaipur-Rajasthan - 313002 "
17,Hyderabad,21,Psychonnect.Com,,0,-9152783698,http://www.psychonnect.com/,Monday Tuesday Wednesday Thursday Friday Saturday Sunday,"AJ-268, Sector 2, Saltlake City, Sech Bhawan, Kolkata - 700091"
18,Hyderabad,20,Columbus Hospitals,,0,-27761061,http://www.columbushospitals.in/,Monday Tuesday Wednesday Thursday Friday Saturday Sunday,"House No-1-10-63/4/1, Chikoti Gardens, Begumpet, Hyderabad - 500016, Opposite Shoppers Stop Lane,Behind Hdfc Bank "
19,Hyderabad,27,Tulasi Hospitals,,0,-49336648,http://www.tulasihospitals.com/,Monday Tuesday Wednesday Thursday Friday Saturday Sunday,
20,Hyderabad,26,Employees State Insurance Corporation Hospital,,0,-23700480,http://www.esic.nic.in/,Monday Tuesday Wednesday Thursday Friday Saturday Sunday,"Main Road, Sanath Nagar, Hyderabad - 500018, Opposite Vijaya Laxmi Temple, Erragadda "
21,Hyderabad,25,Image Hospitals,,0,-9052709909,https://www.justdial.com/Hyderabad/Image-Hospitals-Behind-BATA-Opposite-R-S-Brothers-Ameerpet/040PXX40-XX40-101007150039-U1E9_BZDET?xid=SHlkZXJhYmFkIFBzeWNob3RoZXJhcHkgRG9jdG9ycw==,Monday Tuesday Wednesday Thursday Friday Saturday Sunday,"Main Road, Ameerpet, Hyderabad - 500016, Behind BATA, Opposite R S Brothers "
22,Hyderabad,24,Owaisi Hospital & Research Centre,,0,-24340193,http://www.owaisihospital.com/,Monday Tuesday Wednesday Thursday Friday Saturday Sunday,","
23,Hyderabad,29,Aditya Hospitals,0,0,-33855504,http://www.adityahospital.com/,Monday Tuesday Wednesday Thursday Friday Saturday Sunday,"Uppal, Hyderabad - 500039, Opposite Bharath Petrol Pump, Survey No 93/2&125, Shanthi Nagar "
24,Hyderabad,28,Apollo Clinic,,0,-9701003242,http://www.apolloclinic.com/,Monday Tuesday Wednesday Thursday Friday Saturday Sunday,"Rishab Heights, As Rao Nagar, Hyderabad - 500062, Above Vodafone Store, Beside KFC "
25,KOLKATA,0,Reshmi Sensarma Basu,1000,22,-9152837284,http://sarmabasukolkata.justdial.com/,Monday Tuesday Wednesday Thursday Friday Saturday Sunday,"51, Baroda Avnue, Garia, Kolkata - 700084, Palki Resturent "
26,KOLKATA,1,Dr Pradeep Kumar Saha,1500,30,-9830277516,http://www.pradeepnimhans.com/,Wednesday Thursday Friday,"C/O Belle Vue Clinic, Wing B, Dr. U N Brahmachari Street ( Loudon Street), Circus Avenue, Kolkata - 700017, Near Minto Park "
27,KOLKATA,2,Dr Arnab Banerjee,1000,0,-9152760927,http://www.psychiapristararnabbanerjee.com/,Tuesday Wednesday Thursday Friday Saturday,"7e, Cornfild Road, Garihat, Gariahat, Kolkata - 700019, Behind Junior South Point School "
28,KOLKATA,3,Dr. Anjan Bhattacharya,1050,27,-9152106650,http://www.dranjanbhattacharya.com/,Monday Tuesday Wednesday Thursday Friday Saturday Sunday,"58, Child Development Center, Apollo Gleneagles Hospital, Canal Circular Road, Kankurgachi, Kolkata - 700054, Near Salt Lake Stadium "
29,KOLKATA,4,Dipannita Deb,1000,0,-9152224618,http://www.nirvanaaforyou.in/,Monday Tuesday Wednesday Thursday Friday Saturday Sunday,"Sabujdeep Apartment, Block Y, First Floor, Rabindrapally Kestopur, Rabindra Pally-keshtopur, Kolkata - 700101, Opposite Lane to Neelkamal Super Market "
30,KOLKATA,5,Dr. Sayandip Ghosh,,0,-9830275768,https://www.justdial.com/Kolkata/Dr-Sayandip-Ghosh-Near-95-Pally-Club-Jodhpur-Park/033PXX33-XX33-120802165013-D4J2_BZDET?xid=S29sa2F0YSBQc3ljaG90aGVyYXB5IERvY3RvcnM=,Monday Tuesday Wednesday Thursday Friday Saturday Sunday,"Pearless Hospital, Panchasayar, Lifeline Kalyani, Dana, Jodhpur Park, Kolkata - 700068, Near 95 Pally Club "
31,KOLKATA,6,Innova Education And Management Services.,,0,-9152300303,http://www.innovaeducation.in/,Monday Tuesday Wednesday Thursday Friday Saturday Sunday,"A25, Amarobati, Sodepur, Kolkata - 700110, Sodepur Railway Station & Amarabati Bus Stop "
32,Chennai,0,Dr Prabhakarans Mind & Soul Care Clinic,1000,0,-9152123438,http://www.mindandsoulcareclinic.com/,Monday Tuesday Wednesday Thursday Friday Saturday Sunday,"New No 35 Old No 17, Loganathan Colony, Mylapore, Chennai - 600004, Near City Centre "
33,Chennai,1,Ganesan S V,1000,8,-9940217372,http://www.gansonholistics.com/,Monday Tuesday Wednesday Thursday Friday Saturday Sunday,"No 1/10A, ECR Road, Thiruvanmiyur, Chennai - 600041, Near RTO Office "
34,Chennai,2,Dr. Radhika Psychiatrist Chennai Minds,1000,20,-9152553658,http://www.chennaiminds.com/,Tuesday Wednesday Thursday Friday Saturday,"No 24 Block S 11 SS Pankajam Enclave, Arunachalam Road, Saligramam, Chennai - 600093, Next to Cake World "
35,Chennai,3,Face And Mind Care,400,0,-9152380992,http://www.faceandmindcare.com/,Monday Tuesday Wednesday Thursday Friday Saturday Sunday,"2 Damodaran Street, Chetpet, chennai - 600031, Opp to Old Rto Office "
36,Chennai,7,AKSHANYA SPECIALITY CLINIC - VELACHERY,600,0,-9152176273,https://www.justdial.com/Chennai/AKSHANYA-SPECIALITY-CLINIC-VELACHERY-Opposite-to-Chennai-Silks-Velacheri/044PXX44-XX44-180308182825-J7C4_BZDET?xid=Q2hlbm5haSBQc3ljaG90aGVyYXB5IERvY3RvcnM=,Monday Tuesday Wednesday Thursday Friday Saturday Sunday,"40, Ramnagar 6th Street, Velacheri, Chennai - 600042, Opposite to Chennai Silks "
37,Chennai,8,Sriram Ortho & Physiotherapy Centre,600,0,-9152176273,https://www.justdial.com/Chennai/Sriram-Ortho-Physiotherapy-Centre-Opp-to-Kamatchi-Amman-Temple-Perungalathur/044PXX44-XX44-150302113245-T5H3_BZDET?xid=Q2hlbm5haSBQc3ljaG90aGVyYXB5IERvY3RvcnM=,Monday Tuesday Wednesday Thursday Friday Saturday Sunday,"No:33, Kamarajar High Road, Perungalathur, chennai - 600063, Opp to Kamatchi Amman Temple "
38,Chennai,9,Madras Medical Centre,750,15,-28224013,http://www.madrasmedicalcentre.com/,Monday Tuesday Wednesday Thursday Friday Saturday Sunday,"No 1A, Mangadu Swamy Street, Nungambakkam, Chennai - 600034, Opposite to Perumal Temple "
39,Chennai,19,Hygeia Healthcare,,0,-47450952,http://hygeiahealthcare.in/,Monday Tuesday Wednesday Thursday Friday Saturday Sunday,"No124, Creations Genesis, Egattur Natham Link Road Inside SIPCOT, Navalur, Chennai - 600130, Near Mohamed Satak Engineering College "
40,Chennai,12,Bharathirajaa Hospital & Research Centre Pvt Ltd,,0,-9152962757,http://www.brhospitals.com/,Monday Tuesday Wednesday Thursday Friday Saturday Sunday,"No 20, G N Chetty Road, T Nagar, Chennai - 600017, Near Peninsula Hotel & AGS Theatre "
41,Chennai,13,SPARC,500,0,-9152191826,https://www.justdial.com/Chennai/SPARC-Near-Varadaraja-Theatre-Chitlapakkam/044PXX44-XX44-130927231511-E5A9_BZDET?xid=Q2hlbm5haSBQc3ljaG90aGVyYXB5IERvY3RvcnM=,Monday Tuesday Wednesday Thursday Friday Saturday Sunday,"No 13/19, Anna Street, Chitlapakkam, Chennai - 600064, Near Varadaraja Theatre "
42,Chennai,11,JIP Diabetic Multispeciality Hospital,300,13,-22641175,http://www.drneochurch.com/,Monday Tuesday Wednesday Thursday Friday Saturday Sunday,"No 81/66, GST Road, Pallavaram, Chennai - 600043, Opp to Olympia Tower "
43,Chennai,16,Maaya Womens Hospital &Fertility Centre,,0,-26511066,http://www.maayawomenshospital.com/,Monday Tuesday Wednesday Thursday Friday Saturday Sunday,"No 5, 6 Pazhaniappan Nagar, 200 Feet Road, Kolathur, Chennai - 600099, Near Senthil Nagar Junction Opp to Nachiyar Restaurant "
44,Chennai,14,Hemamalini Bashyam,100,0,-9152321120,https://www.justdial.com/Chennai/Hemamalini-Bashyam-Near-Mc-Donalds-Anna-Nagar/044P4090009_BZDET?xid=Q2hlbm5haSBQc3ljaG90aGVyYXB5IERvY3RvcnM=,Monday Tuesday Wednesday Thursday Friday Saturday Sunday,"New No 36 Old No W 106, 2nd Avenue, Anna Nagar, Chennai - 600040, Near Mc Donalds "
45,Chennai,34,Sathya Physiotherapy Centre,300,0,-28158624,https://www.justdial.com/Chennai/Sathya-Physiotherapy-Centre-Near-Grt-Jewwlery-T-Nagar/044PXX44-XX44-100110073726-I8C7_BZDET?xid=Q2hlbm5haSBQc3ljaG90aGVyYXB5IERvY3RvcnM=,Monday Tuesday Wednesday Thursday Friday Saturday Sunday,"No 5/3, Coats Road, T Nagar, chennai - 600017, Near Grt Jewwlery "
46,Mumbai,0,Dr. Pavan Sonar,2000,11,-9152376736,http://www.drpavansonar.com/,Monday Tuesday Wednesday Thursday Friday Saturday Sunday,"C/o Bhagat Polyclinic, 2nd Floor, Ganjawala Apartment, Ganjawala Lane, Borivali West, Mumbai - 400092, Near Punjab National Bank "
47,Mumbai,2,Mind Mechanics,,0,-9152784337,http://www.mindmechanics.in/,Monday Tuesday Wednesday Thursday Friday Saturday Sunday,"IDBI World Trade Center 1, 7th Floor Office No 3, Cuffe Parade, Cuffe Parade-Colaba, Mumbai - 400005, World Trade Centre "
48,Mumbai,3,Dr.Pirya Desai,,0,-9820708228,https://www.justdial.com/Mumbai/Dr-Pirya-Desai-Near-Thacrey-Auditorium-Govind-Nagar-Borivali-West/022PXX22-XX22-140525075429-D8A1_BZDET?xid=TXVtYmFpIFBzeWNob3RoZXJhcHkgRG9jdG9ycw==,Monday Tuesday Wednesday Thursday Friday Saturday Sunday,"Block No 10/2/21, 1st Floor, Mohan Society, Borivali West, Mumbai - 400092, Near Thacrey Auditorium,Govind Nagar "
49,Mumbai,4,Dr. Kirans Mind Center & Polyclinic,1000,0,-9152234677,http://www.drkiranmindcenter.com/,Monday Tuesday Wednesday Thursday Friday Saturday Sunday,"B 102, Giriraj Heights, Vrajbhoomi Complex, Link Road, Kandivali West, Mumbai - 400067, Above Axis Bank "
50,Mumbai,5,Dr. Sagar Mundada,100,0,-9152701671,https://www.justdial.com/Mumbai/Dr-Sagar-Mundada-Next-to-Vodafone-Gallery-Malad-West/022PXX22-XX22-180511155845-H7M8_BZDET?xid=TXVtYmFpIFBzeWNob3RoZXJhcHkgRG9jdG9ycw==,Monday Tuesday Wednesday Thursday Friday Saturday Sunday,"Health Spring, Shop No. 4, Link Road, Malad West, Mumbai - 400064, Next to Vodafone Gallery "
51,Mumbai,6,Paarshad Healthcare,530,0,-9152271296,https://www.justdial.com/Mumbai/Paarshad-Healthcare-Charkop-Near-Dena-Bank-Kandivali-West/022PXX22-XX22-140101082628-M6P4_BZDET?xid=TXVtYmFpIFBzeWNob3RoZXJhcHkgRG9jdG9ycw==,Monday Tuesday Wednesday Thursday Friday Saturday Sunday,"Mansi Chs Ltd, D 5, Plot No 536, Sector 5, Kandivali West, Mumbai - 400067, Charkop, Near Dena Bank "
52,Mumbai,7,Nature Care Resonance Wellness Center,1000,0,-9152959520,http://www.naturecareresonance.com/,Monday Tuesday Wednesday Thursday Friday Saturday Sunday,"B006, Shehnai, Smt Gladys Alvares Road, Lokpuram Society-thane West, Thane - 400610, Opposite Hiranandani Meadows, Behind Axis Bank, Near Lokpura "
53,Mumbai,8,Dr Utkarsh Mankar Psychiatric Consultation & Home Visits,1000,0,-9152959520,https://www.justdial.com/Mumbai/Dr-Utkarsh-Mankar-Psychiatric-Consultation-Home-Visits-Kurla-West/022PXX22-XX22-190916173120-Z2F4_BZDET?xid=TXVtYmFpIFBzeWNob3RoZXJhcHkgRG9jdG9ycw==,Monday Tuesday Wednesday Thursday Friday Saturday Sunday,"Family Health Clinic, Shop No 8, C Block, Suleman Blg 302, Lbs Road, Kurla West, Mumbai - 400070 "
54,Mumbai,9,S K Rehab Centre,,0,-9152287706,http://www.kailashmantry.com/,Monday Tuesday Wednesday Thursday Friday Saturday Sunday,"A-1101, Videocon Tower, Thakur Complex, Kandivali East, Mumbai - 400101, Behind Saidham Mandir "
55,Mumbai,18,Dr Amita Motwani's Mind And Body Wellness Clinic,12,0,-9152191934,https://www.justdial.com/Mumbai/Dr-Amita-Motwanis-Mind-And-Body-Wellness-Clinic-Opposite-Joggers-Park-Lokhandwala-Complex-Andheri-West/022PXX22-XX22-200205233540-R5F5_BZDET?xid=TXVtYmFpIFBzeWNob3RoZXJhcHkgRG9jdG9ycw==,Monday Tuesday Wednesday Thursday Friday Saturday Sunday,"Meghdoot, Lokhandwala Creek Road, Lokhandwala Complex-Andheri West, Mumbai - 400053, Opposite Joggers Park "
56,Mumbai,19,Dr. Amitabh Ghosh,2000,30,-9820199412,http://www.psychiatristnearme.in/,Tuesday Wednesday Thursday Friday Saturday,"Vitatsu, B 107 Twin Tower, 2nd Cross Lane, Andheri West, Mumbai - 400053, Lokhandwala Market, Behind Rajput Dairy "
57,Mumbai,12,Unlimited Potentialities,10,0,-28651461,http://www.unlimitedpotentialities.in/,Monday Tuesday Wednesday Thursday Friday Saturday Sunday,"603 Aura Biplex Senate, S V Road, Borivali West, Mumbai - 400092, Above Kalyan Jewellers "
58,Mumbai,13,Dr. Rahul Bhatambre,1000,0,-9152235504,http://www.drrahulbhatambre.com/,Monday Tuesday Wednesday Thursday Friday Saturday Sunday,"Mansparsh Clinic Kharghar, Panvel., Kharghar, Navi Mumbai - 410210 "
59,Mumbai,11,Dr. Nishtha Dalwani,21,0,-9152676734,https://www.justdial.com/Mumbai/Dr-Nishtha-Dalwani-Ashok-Van-Dahisar-East/022PXX22-XX22-181204063407-S8T2_BZDET?xid=TXVtYmFpIFBzeWNob3RoZXJhcHkgRG9jdG9ycw==,Monday Tuesday Wednesday Thursday Friday Saturday Sunday,"1, Sadguru Heights, Ashok One Hospital, Ashok Van-Dahisar East, Mumbai - 400068 "
60,Mumbai,16,Shree Kesav Clinic,,0,-9152467546,https://www.justdial.com/Mumbai/Shree-Kesav-Clinic-Near-Vijaya-Bank-Andheri-West/022PXX22-XX22-200114182930-I7H9_BZDET?xid=TXVtYmFpIFBzeWNob3RoZXJhcHkgRG9jdG9ycw==,Monday Tuesday Wednesday Thursday Friday Saturday Sunday,"Devgan Banglow, House No 2, Svp Nagar Mahada, Andheri West, Mumbai - 400053, Near Vijaya Bank"
61,Mumbai,17,Apex Hospital,,0,-9152761463,http://www.apexhospitals.in/,Monday Tuesday Wednesday Thursday Friday Saturday Sunday,"Tulsi Pipe Line Road, Mulund West, Mumbai - 400080, NR Sapna Nagari Road and Model Township Phase II "
62,Mumbai,23,Dr. Ajit Dandekar,100,0,-26287719,https://www.justdial.com/Mumbai/Dr-Ajit-Dandekar-Above-Golden-Chariot-Restaurant-Opposite-Shoppers-Stop-Andheri-West/022PXX22-XX22-140809171554-R7A1_BZDET?xid=TXVtYmFpIFBzeWNob3RoZXJhcHkgRG9jdG9ycw==,Monday Tuesday Wednesday Thursday Friday Saturday Sunday,"C-3, First Floor, Viral Appartment, S V Road, Andheri West, Mumbai - 400058, Above Golden Chariot Restaurant, Opposite Shoppers Stop "
63,Mumbai,21,Mantry Psychiatric Hospital & Rehab Centre,1000,0,-8928806116,https://www.justdial.com/Mumbai/Mantry-Psychiatric-Hospital-Rehab-Centre-Near-Sai-Baba-Mandir-Kandivali-East/022PXX22-XX22-181227150527-F4K3_BZDET?xid=TXVtYmFpIFBzeWNob3RoZXJhcHkgRG9jdG9ycw==,Monday Tuesday Wednesday Thursday Friday Saturday Sunday,"209 V Mall, Thakur Complex, Kandivali East, Mumbai - 400101, Near Sai Baba Mandir "
64,Mumbai,20,Bright Minds- Psychological Counselling and Career Guidance Center,,0,-9967342955,https://www.justdial.com/Mumbai/Bright-Minds-Psychological-Counselling-and-Career-Guidance-Center-Near-Saraswati-Marathi-School-and-Malhar-Talkies-Thane-West/022PXX22-XX22-170704135516-U2F6_BZDET?xid=TXVtYmFpIFBzeWNob3RoZXJhcHkgRG9jdG9ycw==,Monday Tuesday Wednesday Thursday Friday Saturday Sunday,"Shop No 20, Ground Floor, Saphlya, Gawand Path, Bhaskar Colony, Naupada Road, Thane West, Thane - 400602, Near Saraswati Marathi School and Malhar Talkies "
65,Bengaluru,0,Life Span,100,0,-9152750697,https://www.justdial.com/Bangalore/Life-Span-Opp-to-Bharat-benz-showroom-Nelamangala/080PXX80-XX80-200124131819-T5G4_BZDET?xid=QmFuZ2Fsb3JlIFBzeWNob3RoZXJhcHkgRG9jdG9ycw==,Monday Tuesday Wednesday Thursday Friday Saturday Sunday,"No.69/1, Budihal village, Nelamangala, Bangalore - 562123, Opp to Bharat benz showroom"
66,Bengaluru,1,Mind And Brain Hospital,750,0,-9152350833,http://www.mindandbrain.co.in/,Monday Tuesday Wednesday Thursday Friday Saturday Sunday,"No 150/24, Kodigehalli Main Road, Sahakara Nagar, Bangalore - 560092, Near Trio World School,Next to Sri Sai Krupa Hospital "
67,Bengaluru,3,Cosmic Healing Center,500,20,-9945208436,http://www.cosmichealingcentere.in/,Monday Tuesday Wednesday Thursday Friday Saturday Sunday,"No.45, 1st Cross, 5th Main, Manjunath Layout, Rt Nagar, Bangalore - 560032, Near Mamtha High School "
68,Bengaluru,4,Medall Clumax Diagnostics,700,0,-9152365138,http://www.medall.in/,Monday Tuesday Wednesday Thursday Friday Saturday Sunday,"M S Signature House, Hormavu Main Road, 1st Cross, P and T Layout, Horamavu, Bangalore - 560043, Opposite HDFC BANK "
69,Bengaluru,5,Prolife Multispeciality Hospital,,0,-9152381922,http://www.prolifehospital.com/,Monday Tuesday Wednesday Thursday Friday Saturday Sunday,"#248/249/289/101, B B Road, International Airport Road, Byataranyanapura, Bangalore - 560092, Near Byatarayanapura Signal, Opposite to Kodandarama Temple "
70,Bengaluru,7,Ssnmc Super Specialty Hospital,,0,-9152388271,http://www.ssnmc.com/,Monday Tuesday Wednesday Thursday Friday Saturday Sunday,"No.8, Ideal Homes, HBCS Layout, Rajarajeshwari Nagar, Bangalore - 560098 "
71,Bengaluru,8,Bangalore Baptist Hospital,48,0,-9152111166,http://www.bbh.org.in/,Monday Tuesday Wednesday Thursday Friday Saturday Sunday,"Bangalore Baptist Hospital, Bellary Road, Hebbal, Bangalore - 560024, Near Canara Bank "
72,Bengaluru,9,Namma Clinics,500,0,-9152827193,http://www.nammaclinics.com/,Monday Tuesday Wednesday Thursday Friday Saturday Sunday,"First Floor, 323, Sahakara Nagar Main Road, Sahakara Nagar, Bangalore - 560092, Opposite to Axis Bank "
73,Bengaluru,19,M S Ramaiah Memorial Hospital,,0,-23608877,http://www.msrmh.com/,Monday Tuesday Wednesday Thursday Friday Saturday Sunday,
74,Bengaluru,12,Vita Plus Clinic,1000,0,-9152423581,http://www.vitaplushealthcare.com/,Monday Tuesday Wednesday Thursday Friday Saturday Sunday,"No. 46 Nayak Layout, Byrappa Circle, Jp Nagar 8th Phase, Bangalore - 560076, Near Axis Bank ATM "
75,Bengaluru,13,Aryan Multi Speciality Hospital,,0,-9152322555,http://www.aryanmsh.in/,Monday Tuesday Wednesday Thursday Friday Saturday Sunday,"No.4 and 5, 80 Feet Road, Mariyappana Palya Circle, Jnana Ganga Nagar, Mariappanapalya-gnanabharathi, Bangalore - 560056 "
76,Bengaluru,10,Medentzz Poly Clinic And Diagnostic Lab,430,0,-41556144,https://www.justdial.com/Bangalore/Medentzz-Poly-Clinic-And-Diagnostic-Lab-Near-108-b-Bus-Stop-RT-Nagar/080PXX80-XX80-130411160047-V3I7_BZDET?xid=QmFuZ2Fsb3JlIFBzeWNob3RoZXJhcHkgRG9jdG9ycw==,Monday Tuesday Wednesday Thursday Friday Saturday Sunday,"No.400, Ranganatha Complex, Opp HMT Ground, RT Nagar, Bangalore - 560032, Near 108 'b' Bus Stop "
77,Bengaluru,16,Panacea Homeopathic Clinic,1100,0,-26601707,http://www.panaceahomoeopathy.co.in/,Monday Tuesday Wednesday Thursday Friday Saturday Sunday,"No 198/7, Shop No 1, 1st Floor, Gandhi Bazar Main Road, Basavanagudi, Bangalore - 560004 "
78,Bengaluru,14,Prakash Psychiatry And Sexology Clinic,250,0,-9620552582,https://www.justdial.com/Bangalore/Prakash-Psychiatry-And-Sexology-Clinic-Opposite-JP-PARK-Swimming-Pool-Gate-Mathikere/080PXX80-XX80-120917100445-S1F6_BZDET?xid=QmFuZ2Fsb3JlIFBzeWNob3RoZXJhcHkgRG9jdG9ycw==,Monday Tuesday Wednesday Thursday Friday Saturday Sunday,"Thanushree Complex, 9th Main, 3rd Block, 16 The Cross, Tank Bund Road, Brindavan Nagar, Mathikere, Bangalore - 560054, Opposite JP PARK Swimming Pool Gate "
79,Bengaluru,15,Apoorva Diagnostic And Healthcare,,0,-46645544,http://www.vittalsdiagnostics.com/,Monday Tuesday Wednesday Thursday Friday Saturday Sunday,"No 325.1st Floor, CMH Road, Indiranagar, Bangalore - 560038, Near Metro Station "
80,Bengaluru,21,Mallya Hospital,400,9,-22277968,http://www.mallyahospital.net/,Monday Tuesday Wednesday Thursday Friday Saturday Sunday,
81,Bengaluru,20,Nimhans Hospital,,0,-26995389,http://www.nimhans.ac.in/,Monday Tuesday Wednesday Thursday Friday Saturday Sunday,", ,"
82,Bengaluru,27,Vijayanagar Hospital,1200,0,-23358100,http://www.gleneaglesglobalhospitals.com/hyderabad-events/global-hospitals-lbnagar-hyderabad-undertakes-heart-a-thon,Monday Tuesday Wednesday Thursday Friday Saturday Sunday,"No. 46, 17th Cross, M C Road, Vijayanagar, Bangalore - 560040, Near Vijaynagar Main Bus Stand "
83,Bengaluru,26,Sapthagiri Hospital,,0,-28393381,http://www.sapthagirihospital.com/,Monday Tuesday Wednesday Thursday Friday Saturday Sunday,","
84,Bengaluru,28,Sri Dharmasthala Manjunatheshwara Ayurveda Hospital,,0,-9741897033,http://www.sdmayurbangalore.in/,Monday Tuesday Wednesday Thursday Friday Saturday Sunday,"Bangalore Mysore Highway, Anchepalya, Bangalore - 560073, Opposite Srinidhi Hotel "
85,Pune,0,Dr. Himani Chaphekar,600,15,-9152289880,https://www.justdial.com/Pune/Dr-Himani-Chaphekar-Lane-No-6-Opposite-Laxman-Hotel-Deccan-Gymkhana/020PG004782_BZDET?xid=UHVuZSBQc3ljaG90aGVyYXB5IERvY3RvcnM=,Monday Tuesday Wednesday Thursday Friday Saturday Sunday,"Sneh Prabhat Apartment, Prabhat Road, Deccan Gymkhana, Pune - 411004, Lane No 6 Opposite Laxman Hotel "
86,Pune,2,Dr. Bharat Sarode,599,33,-9152276746,http://www.geetai.org/,Monday Tuesday Wednesday Thursday Friday Saturday Sunday,"Uttam Market First Floor, Old Bombay Pune Highway, Chinchwad Railway Station, Pune - 411019, Near Mayur Hotel "
87,Pune,3,Bhoir Hospital And Piles Laser Center,,0,-9152928757,http://www.pileslasercenter.com/,Monday Tuesday Wednesday Thursday Friday Saturday Sunday,"Survey No 19/3 bhoir palace, Thergaon, Pune - 411033, Dange Chowk,near state bank "
88,Pune,4,Ruby Hall Clinic,,0,-9152109837,https://www.justdial.com/Pune/Ruby-Hall-Clinic-Sasoon-Road/020PXX20-XX20-141011122722-H4I6_BZDET?xid=UHVuZSBQc3ljaG90aGVyYXB5IERvY3RvcnM=,Monday Tuesday Wednesday Thursday Friday Saturday Sunday,"40 Sassoon Road, Sasoon Road, Pune - 411001 "
89,Pune,5,Navjeevan Mental And Deaddiction Rehabilitation Center,,0,-9152308452,https://www.justdial.com/Pune/Navjeevan-Mental-And-Deaddiction-Rehabilitation-Center-Opposite-Shri-Chhatrapati-Auto-Koregaon-Bhima/020PXX20-XX20-200213190711-T5X9_BZDET?xid=UHVuZSBQc3ljaG90aGVyYXB5IERvY3RvcnM=,Monday Tuesday Wednesday Thursday Friday Saturday Sunday,"Wadagaon Phata, Pune Nagar Road, Koregaon Bhima, pune - 412216, Opposite Shri Chhatrapati Auto "
90,Pune,8,Dr. Rahul Ratan Bagale,700,7,-9152104240,http://www.joyclinicpune.com/,Monday Tuesday Wednesday Thursday Friday Saturday Sunday,"Columbia Asia Hospital, Apollo Clinic, Kharadi, Viman Nagar, Kharadi, Pune - 411014, Vadgaon Sheri "
91,Pune,19,Shree Physiotherapy Clinic For Mobility Pune,500,0,-9152631617,https://www.justdial.com/Pune/Shree-Physiotherapy-Clinic-For-Mobility-Pune-Opposite-Laxmibai-Rajaram-Shinde-High-School-Sahakar-Nagar-Parvati-Darshan/020PXX20-XX20-170418152221-P8I4_BZDET?xid=UHVuZSBQc3ljaG90aGVyYXB5IERvY3RvcnM=,Monday Tuesday Wednesday Thursday Friday Saturday Sunday,"Vasant Vihar, Padmavati Sahakar Nagar Parvati Road, Sahakar Nagar-Parvati Darshan, Pune - 411009, Opposite Laxmibai Rajaram Shinde High School "
92,Pune,12,Dr. Rode Homeopathy,500,0,-24443769,http://www.drrodehomeopathy.com/,Wednesday Thursday Friday,"1st Floor, Amit Corner, Above HDFC ATM, Shahu Chowk, Shivaji Road, Shukrawar Peth, Pune - 411002, Next to Phadgate Police Chowky, "
93,Pune,13,Dr Datta Chaskar Ayurwedik And Alopethic Hospital,,0,-9152342533,https://www.justdial.com/Pune/Dr-Datta-Chaskar-Ayurwedik-And-Alopethic-Hospital-Near-S-T-Stand-Near-Indrayani-Hotel-Manchar/020PXX20-XX20-180104191151-B8G2_BZDET?xid=UHVuZSBQc3ljaG90aGVyYXB5IERvY3RvcnM=,Monday Tuesday Wednesday Thursday Friday Saturday Sunday,"Malwadi, Manchar, Pune - 410503, Near S T Stand , Near Indrayani Hotel "
94,Pune,10,Jeevan Clinic,250,0,-9152447468,https://www.justdial.com/Pune/Jeevan-Clinic-JAY-Bhavani-Chowk-Rahatani/020PXX20-XX20-120809091808-N5X6_BZDET?xid=UHVuZSBQc3ljaG90aGVyYXB5IERvY3RvcnM=,Monday Tuesday Wednesday Thursday Friday Saturday Sunday,"Survey No 1/11, Rahatani Link Road, Rahatani, Pune - 411017, JAY Bhavani Chowk "
95,Pune,11,Avni Clinic,400,26,-9152423685,https://www.justdial.com/Pune/Avni-Clinic-Near-Lulla-Nagar-Junction-Kubera-Park-Wanowrie/020PXX20-XX20-140920130957-P7Y9_BZDET?xid=UHVuZSBQc3ljaG90aGVyYXB5IERvY3RvcnM=,Tuesday Wednesday Thursday Friday Saturday,
96,Pune,16,JeevanJyoti Hospital,,0,-9152423194,http://www.jeevanjyotihealthcare.com/,Monday Tuesday Wednesday Thursday Friday Saturday Sunday,"Maske Complex, Rahatani, pune - 411017, Kalewadi Fata Opposite Shivratna Hotel "
97,Pune,14,Dr. Shindes Advance Homeopathic Clinic,1000,0,-9152461026,https://www.justdial.com/Pune/Dr-Shindes-Advance-Homeopathic-Clinic-ABC-Juction-Near-Akurdi-Railway-Station-Nigdi-Pradhikaran/020PXX20-XX20-140620135316-T9C5_BZDET?xid=UHVuZSBQc3ljaG90aGVyYXB5IERvY3RvcnM=,Monday Tuesday Wednesday Thursday Friday Saturday Sunday,"Shop No 4 Sector No 26, Dr Ambedkar Marg, Nigdi Pradhikaran, Pune - 411044, ABC Juction Near Akurdi Railway Station "
98,Pune,15,Physio Zone,100,0,-9765585461,http://www.physiozonepune.com/,Monday Tuesday Wednesday Thursday Friday Saturday Sunday,"Sai Ambience 4th Floor, Kunal Icon Road, Pimple Saudagar, Pune - 411027, Above Kimling Rush "
99,Pune,23,Spandan Clinic,200,16,-9822842822,https://www.justdial.com/Pune/Spandan-Clinic-Near-Paranjape-School-Kothrud/020P5088274_BZDET?xid=UHVuZSBQc3ljaG90aGVyYXB5IERvY3RvcnM=,Monday Tuesday Wednesday Thursday Friday Saturday Sunday,"Shop No 16 Shivtara Garden Gananjay Society, New Dp Road, Kothrud, Pune - 411038, Near Paranjape School "
100,Pune,22,Shree Samarth Hospital,500,15,-26128274,https://www.justdial.com/Pune/Shree-Samarth-Hospital-Karande-Chowk-Rasta-Peth/020PXX20-XX20-160108115047-T1L7_BZDET?xid=UHVuZSBQc3ljaG90aGVyYXB5IERvY3RvcnM=,Monday Tuesday Wednesday Thursday Friday Saturday Sunday,"227 Omkar Apartment, Rasta Peth, Pune - 411011, Karande Chowk "
101,Pune,21,Satyanand Hospital,,0,-9152240715,http://www.satyanandhospital.com/,Monday Tuesday Wednesday Thursday Friday Saturday Sunday,"Survey No 50/7, Kondhwa Khurd, Pune - 411048, Opposite Konark E Square "
102,Pune,20,Psychwellness Clinic,600,0,-9152952475,http://www.psychwellnessclinic.com/,Monday Tuesday Wednesday Thursday Friday Saturday Sunday,"B 202, Vastu Nirvana, Baner-Pashan Link Road, Baner, Pune - 411045, Above Iris Clinic "
103,Pune,27,On Call Doctor At Your Home,,0,-8359064075,https://www.justdial.com/Pune/On-Call-Doctor-At-Your-Home-Pune-Wakad/020PXX20-XX20-180906232532-P6T9_BZDET?xid=UHVuZSBQc3ljaG90aGVyYXB5IERvY3RvcnM=,Monday Tuesday Wednesday Thursday Friday Saturday Sunday,"Sonigara Keshar Society, Chhtrapati Chowk, Wakad, Pune - 411057, Pune "
104,Pune,26,Dev Clinic,1030,0,-9152407334,https://www.justdial.com/Pune/Dev-Clinic-Next-To-Poona-Cable-Ajmera-School-Road-Pimpri/020PXX20-XX20-141020125413-N1U5_BZDET?xid=UHVuZSBQc3ljaG90aGVyYXB5IERvY3RvcnM=,Monday Tuesday Wednesday Thursday Friday Saturday Sunday,"Bungalow No A/5 Pcmc Housing Society Ajmera Complex, Pimpri, Pune - 411018, Next To Poona Cable, Ajmera School Road "
105,Pune,29,Universal Hospital,,0,-24578828,http://www.u-h.in/,Monday Tuesday Wednesday Thursday Friday Saturday Sunday,"1420, Kasba Peth, Pune - 411011, Near Shaniwar Wada "
106,Ranchi,10,Dr Dharmendar Rajak,530,0,-7004642879,http://dynamicsonhe.wixsite.com/,Monday Tuesday Wednesday Thursday Friday Saturday Sunday,"Kanke Road, Kanke, Ranchi - 834006"
107,Ranchi,0,Dr. Pawan Kr Barnwal,16,0,-9152790580,https://www.justdial.com/Ranchi/Dr-Pawan-Kr-Barnwal-Opposite-First-Mark-School-Near-Firing-Range-Bariatu/0651PX651-X651-130112190109-Z9U6_BZDET?xid=UmFuY2hpIFBzeWNob3RoZXJhcHkgRG9jdG9ycw==,Monday Tuesday Wednesday Thursday Friday Saturday Sunday,"Bariatu Road, Bariatu, Ranchi - 834009, Opposite First Mark School, Near Firing Range "
108,Ranchi,1,Dr. Keshav Jee Mind and Brain Clinic,500,15,-9939009614,https://www.justdial.com/Ranchi/Dr-Keshav-Jee-Mind-and-Brain-Clinic-RIMS-GATE-Opposite-Durga-Mandir-Bariatu/0651PX651-X651-181227173106-S1E7_BZDET?xid=UmFuY2hpIFBzeWNob3RoZXJhcHkgRG9jdG9ycw==,Monday Tuesday Wednesday Thursday Friday Saturday Sunday,"Bariatu, Ranchi - 834009, RIMS GATE, Opposite Durga Mandir "
109,Ranchi,2,Nerve and Mind Centre For Neuromodulation,500,9,-9152527341,http://www.nerveandmind.in/,Monday Tuesday Wednesday Thursday Friday Saturday Sunday,"1st Floor, AC Market, Main Road, Ranchi - 834001, Near Church Complex "
110,Ranchi,3,Dr. Lals Hospital & Research Centre,,0,-9031930406,http://www.samitlalent.com/,Monday Tuesday Wednesday Thursday Friday Saturday Sunday,"Main Lane, Kadru, Ranchi - 834002, Near Kadru Over Bridge "
111,Ranchi,6,Cognitive Therapy Clinic Ranchi,1200,0,-9386816584,http://www.cognitivetherapyranchi.com/,Monday Tuesday Wednesday Thursday Friday Saturday Sunday,"Sahay Tower, Kutchery Chowk, Kutchery Road, Ranchi - 834001 "
112,Ranchi,7,Clinical Psychologist,,0,-9113314869,https://www.justdial.com/Ranchi/Clinical-Psychologist-Near-Joda-Pool-Kanke-Road-Kanke-Road/0651PX651-X651-200302145112-L3R9_BZDET?xid=UmFuY2hpIFBzeWNob3RoZXJhcHkgRG9jdG9ycw==,Monday Tuesday Wednesday Thursday Friday Saturday Sunday,"Nagashish Clinic, Kanke Road, Kanke Road, Ranchi - 834001, Near Joda Pool Kanke Road"
113,Ranchi,8,Dr. Milin Borde,530,0,-2451109,https://www.justdial.com/Ranchi/Dr-Milin-Borde-Kanke/0651P651STD37102_BZDET?xid=UmFuY2hpIFBzeWNob3RoZXJhcHkgRG9jdG9ycw==,Monday Tuesday Wednesday Thursday Friday Saturday Sunday,"Kanke Road, Kanke, Ranchi - 834006"
114,Ranchi,9,Dr Omi Singh,300,0,-7992436030,https://www.justdial.com/Ranchi/Dr-Omi-Singh-Election-Commission-Office/0651PX651-X651-190329133820-K3I4_BZDET?xid=UmFuY2hpIFBzeWNob3RoZXJhcHkgRG9jdG9ycw==,Monday Tuesday Wednesday Thursday Friday Saturday Sunday,"Club House, Sail City, Site IV, Ranchi - 834002, Election Commission Office"
115,Delhi,18,Elite Physiotherapy Clinic & Fitness Centre,400,17,-9152696060,http://www.elitephysiotherapyclinic.com/,Monday Tuesday Wednesday Thursday Friday Saturday Sunday,"Plot No-12, Sector-2, Faridabad Sector 2, faridabad - 121004, Near Community Centre "
116,Delhi,8,West Delhi Psychiatry Centre,1500,30,-9152451593,https://www.justdial.com/Delhi/West-Delhi-Psychiatry-Centre-Near-Fatah-Nagar-Gurudwara-Janakpuri/011PXX11-XX11-130726132812-B1S9_BZDET?xid=RGVsaGkgUHN5Y2hvdGhlcmFweSBEb2N0b3Jz,Monday Tuesday Wednesday Thursday Friday Saturday Sunday,"BA/8 A, Janakpuri, Delhi - 110058, Near Fatah Nagar Gurudwara "
117,Delhi,12,Dr Pramod Kumar,500,0,-9152266076,http://www.ayucorps.com/,Monday Tuesday Wednesday Thursday Friday Saturday Sunday,"118, Poddar Clinic, Kala Patthar Road, Gyan Khand 4-Indirapuram, Ghaziabad - 201014, Mangal Chowk "
118,Delhi,13,Vishwas Healing Centre,1500,14,-9152951070,http://www.vishwashealingcentre.com/,Monday Tuesday Wednesday Thursday Friday Saturday Sunday,"J- 1923, 3rd Floor, Market 1 C R Park, C R Park, Delhi - 110019, Opposite Ariston Hospital "
119,Delhi,10,OPAL care multispeciality clinic and digital x-ray center,,0,-9152164288,https://www.justdial.com/Delhi/OPAL-care-multispeciality-clinic-and-digital-x-ray-center/011PXX11-XX11-190815015659-R2P8_BZDET?xid=RGVsaGkgUHN5Y2hvdGhlcmFweSBEb2N0b3Jz,Monday Tuesday Wednesday Thursday Friday Saturday Sunday,"Mahagun Mart, Shop Number 24, Lower Ground Floor, Noida Phase2, Gaur City 2, Greater Noida W Road, Ghaziabad - 201009 "
120,Delhi,11,Miss Khyati Sharma,,0,-9152272299,https://www.justdial.com/Delhi/Miss-Khyati-Sharma-Greater-Kailash-1/011PXX11-XX11-191203180722-U3N2_BZDET?xid=RGVsaGkgUHN5Y2hvdGhlcmFweSBEb2N0b3Jz,Monday Tuesday Wednesday Thursday Friday Saturday Sunday,"S-438, Basement, Near M Block Market, Mandir Lane, Greater Kailash 1, Delhi - 110048"
121,Delhi,16,Dr. Harshit Garg (M.D. AIIIMS),1500,4,-79621319,http://dr-harshit-garg.business.site/,Monday Tuesday Wednesday Thursday Friday Saturday Sunday,"191-B, Ground Floor, Garud Apartments, Pocket 4, Mayur Vihar Phase 1 Extension, Delhi - 110091, Mayur Vihar Phase 1 Metro Station Gate No.3 "
122,Delhi,17,Guru Sewak Health Cure Centre,400,0,-9152449049,https://www.justdial.com/Delhi/Guru-Sewak-Health-Cure-Centre-Near-Adarsh-Nagar-Metro-Station-and-Opposite-Metro-Pillar-Number-95-Adarsh-Nagar/011PXX11-XX11-100323151945-M6Z6_BZDET?xid=RGVsaGkgUHN5Y2hvdGhlcmFweSBEb2N0b3Jz,Monday Tuesday Wednesday Thursday Friday Saturday Sunday,"237, Sarai Pipal Thalla, Punjabi Gali, Adarsh Nagar, Delhi - 110033, Near Adarsh Nagar Metro Station and Opposite Metro Pillar Number 95 "
123,Delhi,14,Sonia Hospital,1200,20,-9152480755,http://www.cygnushospitals.com/,Monday Tuesday Wednesday Thursday Friday Saturday Sunday,"1 Gulshan Park, Rohtak Road, Nangloi, Delhi - 110041, Near Lokesh Cinema,Near Metro Pillar No 439 "
124,Delhi,15,Chabra Psychiatry Centre,600,0,-9891055167,https://www.justdial.com/Delhi/Chabra-Psychiatry-Centre-Opposite-Balaji-Mandir-Prashant-Vihar/011PXX11-XX11-130912104511-G8L6_BZDET?xid=RGVsaGkgUHN5Y2hvdGhlcmFweSBEb2N0b3Jz,Monday Tuesday Wednesday Thursday Friday Saturday Sunday,"107-108, First Floor, Rg-1 Complex, Sector-14 Rohini, Prashant Vihar, Prashant Vihar, Delhi - 110085, Opposite Balaji Mandir "
125,Delhi,0,Sukoon,930,0,-9152295517,https://www.justdial.com/Delhi/Sukoon-Near-By-Hotel-IBIS-Exotica-Sector-53-Gurgaon/011P1235567408T9V4C8_BZDET?xid=RGVsaGkgUHN5Y2hvdGhlcmFweSBEb2N0b3Jz,Monday Tuesday Wednesday Thursday Friday Saturday Sunday,"D 3, 601, Gurgaon, Gurgaon - 122001, Near By Hotel IBIS, Exotica, Sector 53 "
126,Delhi,1,Mukul Arora Psychologist Clinic,1200,20,-9152480755,http://www.www.psychologistmukul.wordpress.com/,Monday Tuesday Wednesday Thursday Friday Saturday Sunday,"21, Ground Floor, Rajendra Park, Rajender Nagar, Delhi - 110060 "
127,Delhi,2,The Happy Tree,,0,-49878216,https://www.justdial.com/Delhi/The-Happy-Tree-Near-Yamuna-Sports-Complex-Gate-No-1-Ram-Vihar/011PXX11-XX11-170226183552-Q3U4_BZDET?xid=RGVsaGkgUHN5Y2hvdGhlcmFweSBEb2N0b3Jz,Monday Tuesday Wednesday Thursday Friday Saturday Sunday,"113 Ram Vihar, Anand Vihar, Anand Vihar, Ram Vihar, Delhi - 110092, Near Yamuna Sports Complex Gate No 1 "
128,Delhi,20,Sarvam Neuropsychiatric Hospital,1000,0,-9152225731,http://www.sarvamhealth.com/,Monday Tuesday Wednesday Thursday Friday Saturday Sunday,"B-1, West Jyoti Nagar, Shahdara, Delhi - 110032, Near Main Loni Road "
129,Delhi,4,Healing Hands,930,0,-9152467663,http://www.healinghandsindia.org/,Monday Tuesday Wednesday Thursday Friday Saturday Sunday,"5/2, Kalkaji Extension, Delhi - 110019, Near Greater Kailash "
130,Delhi,6,Dr. Bindu Kapoor,1000,0,-9152225731,https://www.justdial.com/Delhi/Dr-Bindu-Kapoor-Near-Radisson-Hotel-Meera-Bagh/011PXX11-XX11-190924133503-R1M3_BZDET?xid=RGVsaGkgUHN5Y2hvdGhlcmFweSBEb2N0b3Jz,Monday Tuesday Wednesday Thursday Friday Saturday Sunday,"A-156, First Floor, Meera Bagh, Paschim Vihar, Meera Bagh, Meera Bagh, Delhi - 110087, Near Radisson Hotel "
131,Delhi,9,Dr Deepika Verma MBBS MD,1100,0,-9152132166,https://www.justdial.com/Delhi/Dr-Deepika-Verma-MBBS-MD-Anand-Vihar/011PXX11-XX11-180611142457-Y4K4_BZDET?xid=RGVsaGkgUHN5Y2hvdGhlcmFweSBEb2N0b3Jz,Monday Tuesday Wednesday Thursday Friday Saturday Sunday,"Neelkanth Chambers- 1, Plot No 5, Saini Enclave, Anand Vihar, Delhi - 110092 "
